1964,10,170,0,0,0
1968,10,200,0,170,0
1969,10,200,0,200,0
1970,10,200,0,200,0
1971,10,4070,0,200,0
1972,10,3500,0,4070,0
1977,10,440,0,3500,0
1978,10,420,0,440,0
1979,10,700,0,420,0
1980,10,333,0,700,0
1981,10,333,0,333,0
1982,10,733,0,333,0
1983,10,333,0,733,0
1984,10,333,0,333,0
1985,10,333,0,333,0
1986,10,528,0,333,0
1987,10,208,0,528,0
1988,10,300,0,208,0
1992,10,195000,0,300,0
1993,10,200116,77000,195000,0
1994,10,201837,72000,200116,77000
1995,10,201439,72000,201837,72000
1996,10,203232,72000,201439,72000
1997,10,203690,72000,203232,72000
1998,10,193147,0,203690,72000
1999,10,193228,0,193147,0
2000,10,5787,0,193228,0
2001,10,7206,0,5787,0
2002,10,13244,0,7206,0
2003,10,13158,0,13244,0
2004,10,13409,0,13158,0
2005,10,13965,0,13409,0
2006,10,14913,0,13965,0
2007,10,15435,0,14913,0
2008,10,16333,0,15435,0
2009,10,18004,0,16333,0
2010,10,17553,0,18004,0
2011,10,16491,0,17553,0
2012,10,15937,0,16491,0
2013,10,11995,0,15937,0
2014,10,11839,0,11995,0
2015,10,11211,0,11839,0
2016,10,10707,0,11211,0
2017,10,10786,0,10707,0
2018,10,11040,0,10786,0
2019,10,10962,0,11040,0
2020,10,10334,0,10962,0
2021,10,12255,0,10334,0
2022,10,14868,0,12255,0
2023,10,15072,0,14868,0
2024,10,15933,0,15072,0
2025,10,15779,0,15933,0
1994,100,13,0,0,0
1995,100,20,0,13,0
1996,100,17118,0,20,0
1997,100,16321,0,17118,0
1998,100,7450,0,16321,0
1999,100,4003,5569,7450,0
2000,100,747,0,4003,5569
2001,100,687,0,747,0
2002,100,2952,0,687,0
2003,100,3142,0,2952,0
2004,100,3286,0,3142,0
2005,100,3127,0,3286,0
2006,100,2493,0,3127,0
2007,100,2257,0,2493,0
2008,100,2526,0,2257,0
2009,100,2611,0,2526,0
2010,100,2748,80000,2611,0
2011,100,3163,163900,2748,80000
2012,100,3490,168600,3163,163900
2013,100,2299,0,3490,168600
2014,100,2449,0,2299,0
2015,100,2498,0,2449,0
2016,100,2571,0,2498,0
2017,100,2771,0,2571,0
2018,100,2934,0,2771,0
2019,100,2963,0,2934,0
2020,100,2883,0,2963,0
2021,100,3035,0,2883,0
2022,100,3297,0,3035,0
2023,100,3324,0,3297,0
2024,100,3400,0,3324,0
2025,100,3413,0,3400,0
2003,101,15,0,0,0
2004,101,31,0,15,0
2005,101,31,0,31,0
2006,101,39,0,31,0
2007,101,36,0,39,0
2008,101,36,0,36,0
2009,101,31,0,36,0
2010,101,31,0,31,0
2011,101,31,0,31,0
2012,101,34,0,31,0
2013,101,21,0,34,0
2014,101,5,0,21,0
2015,101,0,0,5,0
2021,101,0,0,0,0
2022,101,0,0,0,0
2023,101,0,0,0,0
2024,101,5,0,0,0
2025,101,5,0,5,0
1991,102,5,0,0,0
1992,102,5,0,5,0
1993,102,5,0,5,0
1994,102,17,0,5,0
1995,102,29,0,17,0
1996,102,40,0,29,0
1997,102,50,0,40,0
1998,102,63,0,50,0
1999,102,72,0,63,0
2000,102,69,0,72,0
2001,102,83,0,69,0
2002,102,244,0,83,0
2003,102,236,0,244,0
2004,102,269,0,236,0
2005,102,266,0,269,0
2006,102,1333,0,266,0
2007,102,1183,0,1333,0
2008,102,1099,0,1183,0
2009,102,567,0,1099,0
2010,102,578,0,567,0
2011,102,508,0,578,0
2012,102,555,0,508,0
2013,102,495,0,555,0
2014,102,478,0,495,0
2015,102,346,0,478,0
2016,102,243,0,346,0
2017,102,239,0,243,0
2018,102,274,0,239,0
2019,102,180,0,274,0
2020,102,146,0,180,0
2021,102,117,0,146,0
2022,102,132,0,117,0
2023,102,107,0,132,0
2024,102,142,0,107,0
2025,102,118,0,142,0
1996,103,10,0,0,0
1998,103,5,0,10,0
1999,103,10,0,5,0
2000,103,15,0,10,0
2001,103,17,0,15,0
2002,103,256,0,17,0
2003,103,306,0,256,0
2004,103,344,0,306,0
2005,103,287,0,344,0
2006,103,394,0,287,0
2007,103,602,0,394,0
2008,103,881,0,602,0
2009,103,878,0,881,0
2010,103,915,0,878,0
2011,103,1046,0,915,0
2012,103,1126,0,1046,0
2013,103,1163,0,1126,0
2014,103,1275,0,1163,0
2015,103,1094,0,1275,0
2016,103,1419,0,1094,0
2017,103,1176,0,1419,0
2018,103,797,0,1176,0
2019,103,758,0,797,0
2020,103,689,0,758,0
2021,103,528,0,689,0
2022,103,267,0,528,0
2023,103,239,0,267,0
2024,103,283,0,239,0
2025,103,228,0,283,0
1990,104,46,0,0,0
1991,104,49,0,46,0
1992,104,77,0,49,0
1993,104,91,0,77,0
1994,104,758,0,91,0
1995,104,764,0,758,0
1996,104,854,0,764,0
1997,104,824,0,854,0
1998,104,827,0,824,0
1999,104,988,0,827,0
2000,104,688,0,988,0
2001,104,696,0,688,0
2002,104,705,0,696,0
2003,104,615,0,705,0
2004,104,391,0,615,0
2005,104,374,0,391,0
2006,104,610,0,374,0
2007,104,741,0,610,0
2008,104,847,0,741,0
2009,104,936,0,847,0
2010,104,986,0,936,0
2011,104,1112,0,986,0
2012,104,1189,0,1112,0
2013,104,971,0,1189,0
2014,104,974,0,971,0
2015,104,1076,0,974,0
2016,104,1013,0,1076,0
2017,104,1097,0,1013,0
2018,104,1251,0,1097,0
2019,104,1300,0,1251,0
2020,104,1422,0,1300,0
2021,104,1702,0,1422,0
2022,104,1981,0,1702,0
2023,104,2276,0,1981,0
2024,104,3019,0,2276,0
2025,104,3399,0,3019,0
1975,105,55510,0,0,0
1976,105,62720,0,55510,0
1977,105,78970,0,62720,0
1978,105,119180,0,78970,0
1979,105,128770,0,119180,0
1980,105,105256,0,128770,0
1981,105,89990,0,105256,0
1982,105,80588,0,89990,0
1983,105,85043,0,80588,0
1984,105,86673,0,85043,0
1985,105,99303,0,86673,0
1986,105,91214,0,99303,0
1987,105,78894,0,91214,0
1988,105,135866,0,78894,0
1989,105,133496,0,135866,0
1990,105,135634,0,133496,0
1991,105,122328,0,135634,0
1992,105,96158,0,122328,0
1993,105,74500,0,96158,0
1994,105,54895,0,74500,0
1995,105,58197,0,54895,0
1996,105,46908,0,58197,0
1997,105,37369,0,46908,0
1998,105,29018,0,37369,0
1999,105,21393,0,29018,0
2000,105,16090,0,21393,0
2001,105,12625,0,16090,0
2002,105,11233,0,12625,0
2003,105,10360,0,11233,0
2004,105,16114,0,10360,0
2005,105,24441,0,16114,0
2006,105,26445,0,24441,0
2007,105,10012,0,26445,0
2008,105,8596,0,10012,0
2009,105,8397,0,8596,0
2010,105,8412,0,8397,0
2011,105,8086,0,8412,0
2012,105,7981,0,8086,0
2013,105,7736,0,7981,0
2014,105,7476,0,7736,0
2015,105,7359,0,7476,0
2016,105,7229,0,7359,0
2017,105,7056,0,7229,0
2018,105,6943,0,7056,0
2019,105,6757,0,6943,0
2020,105,6665,0,6757,0
2021,105,6778,0,6665,0
2022,105,6653,0,6778,0
2023,105,6551,0,6653,0
2024,105,6556,0,6551,0
2025,105,6517,0,6556,0
1988,106,30,0,0,0
1989,106,50,0,30,0
1990,106,735687,0,50,0
1991,106,673433,0,735687,0
1992,106,520914,0,673433,0
1993,106,704048,0,520914,0
1994,106,797834,220000,704048,0
1995,106,744627,320000,797834,220000
1996,106,783992,320000,744627,320000
1997,106,493324,166000,783992,320000
1998,106,365390,128292,493324,166000
1999,106,294685,90584,365390,128292
2000,106,266926,110686,294685,90584
2001,106,244603,196116,266926,110686
2002,106,275414,304115,244603,196116
2003,106,353340,531616,275414,304115
2004,106,335461,498566,353340,531616
2005,106,231129,237822,335461,498566
2006,106,160538,0,231129,237822
2007,106,91542,0,160538,0
2008,106,75221,0,91542,0
2009,106,71601,0,75221,0
2010,106,70128,0,71601,0
2011,106,66774,0,70128,0
2012,106,23423,0,66774,0
2013,106,17548,0,23423,0
2014,106,13561,0,17548,0
2015,106,9972,0,13561,0
2016,106,6558,0,9972,0
2017,106,6039,0,6558,0
2018,106,5508,0,6039,0
2019,106,5365,0,5508,0
2020,106,5195,0,5365,0
2021,106,5384,0,5195,0
2022,106,5156,0,5384,0
2023,106,4838,0,5156,0
2024,106,5086,0,4838,0
2025,106,5101,0,5086,0
1980,107,205,0,0,0
1981,107,226,0,205,0
1982,107,259,0,226,0
1983,107,275,0,259,0
1984,107,291,0,275,0
1985,107,327,0,291,0
1986,107,304,0,327,0
1987,107,250,0,304,0
1988,107,659,0,250,0
1989,107,653,0,659,0
1990,107,579,0,653,0
1991,107,841,0,579,0
1992,107,687,0,841,0
1993,107,595,0,687,0
1994,107,669,0,595,0
1995,107,622,0,669,0
1996,107,271,0,622,0
1997,107,266,0,271,0
1998,107,432,0,266,0
1999,107,563,0,432,0
2000,107,603,0,563,0
2001,107,877,0,603,0
2002,107,1443,0,877,0
2003,107,1553,0,1443,0
2004,107,1696,0,1553,0
2005,107,1556,0,1696,0
2006,107,1557,0,1556,0
2007,107,1939,0,1557,0
2008,107,2068,0,1939,0
2009,107,2189,0,2068,0
2010,107,2297,0,2189,0
2011,107,4372,93565,2297,0
2012,107,5233,59425,4372,93565
2013,107,3298,53579,5233,59425
2014,107,4187,363067,3298,53579
2015,107,6077,434869,4187,363067
2016,107,8831,174510,6077,434869
2017,107,11205,180937,8831,174510
2018,107,13868,170491,11205,180937
2019,107,16033,355672,13868,170491
2020,107,17523,278177,16033,355672
2021,107,19090,179047,17523,278177
2022,107,17811,161613,19090,179047
2023,107,17958,125802,17811,161613
2024,107,17235,32791,17958,125802
2025,107,17524,32791,17235,32791
1998,108,5,0,0,0
1999,108,10,0,5,0
2000,108,12,0,10,0
2001,108,9,0,12,0
2002,108,12,0,9,0
2003,108,16,0,12,0
2004,108,32,0,16,0
2005,108,96,0,32,0
2006,108,163,0,96,0
2007,108,227,0,163,0
2008,108,288,0,227,0
2009,108,312,0,288,0
2010,108,334,0,312,0
2011,108,432,0,334,0
2012,108,567,0,432,0
2013,108,711,0,567,0
2014,108,921,0,711,0
2015,108,1011,0,921,0
2016,108,993,0,1011,0
2017,108,995,0,993,0
2018,108,1025,0,995,0
2019,108,843,0,1025,0
2020,108,726,0,843,0
2021,108,457,0,726,0
2022,108,94,0,457,0
2023,108,117,0,94,0
2024,108,160,0,117,0
2025,108,167,0,160,0
1982,109,12590,0,0,0
1983,109,27270,0,12590,0
1984,109,30060,0,27270,0
1985,109,33140,0,30060,0
1986,109,630,0,33140,0
1988,109,439,0,630,0
1989,109,2197,0,439,0
1990,109,6993,0,2197,0
1991,109,8501,0,6993,0
1992,109,10257,0,8501,0
1993,109,10629,0,10257,0
1994,109,15649,0,10629,0
1995,109,13513,0,15649,0
1996,109,10888,0,13513,0
1997,109,10228,0,10888,0
1998,109,9782,0,10228,0
1999,109,7677,0,9782,0
2000,109,10208,0,7677,0
2001,109,8754,0,10208,0
2002,109,26313,0,8754,0
2003,109,24929,0,26313,0
2004,109,19854,0,24929,0
2005,109,18325,0,19854,0
2006,109,12249,200000,18325,0
2007,109,13089,70000,12249,200000
2008,109,12966,0,13089,70000
2009,109,16250,0,12966,0
2010,109,15864,0,16250,0
2011,109,15004,0,15864,0
2012,109,15100,0,15004,0
2013,109,3809,0,15100,0
2014,109,4262,0,3809,0
2015,109,4353,0,4262,0
2016,109,4719,0,4353,0
2017,109,5301,0,4719,0
2018,109,5620,0,5301,0
2019,109,5647,0,5620,0
2020,109,5495,0,5647,0
2021,109,6061,0,5495,0
2022,109,6794,0,6061,0
2023,109,7392,0,6794,0
2024,109,9534,123774,7392,0
2025,109,9319,82632,9534,123774
2000,11,0,0,0,0
2001,11,0,0,0,0
2002,11,9,0,0,0
2003,11,12,0,9,0
2004,11,11,0,12,0
2005,11,41,0,11,0
2006,11,29,0,41,0
2007,11,57,0,29,0
2008,11,37,0,57,0
2009,11,23,0,37,0
2010,11,38,0,23,0
2011,11,38,0,38,0
2012,11,47,0,38,0
2013,11,27,0,47,0
2014,11,27,0,27,0
2015,11,21,0,27,0
2016,11,15,0,21,0
2017,11,10,0,15,0
2018,11,10,0,10,0
2019,11,20,0,10,0
2020,11,20,0,20,0
2021,11,16,0,20,0
2022,11,36,0,16,0
2023,11,29,0,36,0
2024,11,31,0,29,0
2025,11,32,0,31,0
1971,110,60,0,0,0
1974,110,110,0,60,0
1975,110,310,0,110,0
1977,110,90,0,310,0
1978,110,160,0,90,0
1979,110,160,0,160,0
1980,110,70,0,160,0
1981,110,80,0,70,0
1986,110,0,0,80,0
1989,110,5,0,0,0
1990,110,5,0,5,0
1991,110,5,0,5,0
1993,110,55,0,5,0
2001,110,0,0,55,0
2002,110,5,0,0,0
2003,110,5,0,5,0
2004,110,5,0,5,0
2005,110,0,0,5,0
2006,110,5,0,0,0
2007,110,5,0,5,0
2008,110,5,0,5,0
2009,110,5,0,5,0
2010,110,5,0,5,0
2011,110,5,0,5,0
2012,110,5,0,5,0
2013,110,10,0,5,0
2014,110,16,0,10,0
2015,110,16,0,16,0
2016,110,5,0,16,0
2017,110,6,0,5,0
2018,110,6,0,6,0
2019,110,6,0,6,0
2020,110,6,0,6,0
2021,110,6,0,6,0
2022,110,12,0,6,0
2023,110,12,0,12,0
2024,110,25,0,12,0
2025,110,17,0,25,0
2019,111,0,0,0,0
2020,111,0,0,0,0
2021,111,5,0,0,0
2022,111,5,0,5,0
1985,112,160,0,0,0
1986,112,315,0,160,0
1987,112,219,0,315,0
1988,112,3388,0,219,0
1989,112,7692,0,3388,0
1990,112,208271,0,7692,0
1991,112,209349,0,208271,0
1992,112,128115,0,209349,0
1993,112,91837,29400,128115,0
1994,112,114454,9090,91837,29400
1995,112,107587,200000,114454,9090
1996,112,109576,200000,107587,200000
1997,112,122277,200000,109576,200000
1998,112,114971,603025,122277,200000
1999,112,116698,612518,114971,603025
2000,112,124156,706514,116698,612518
2001,112,122403,731838,124156,706514
2002,112,133227,462826,122403,731838
2003,112,121999,386104,133227,462826
2004,112,114045,351884,121999,386104
2005,112,108124,324699,114045,351884
2006,112,116932,469165,108124,324699
2007,112,134926,459567,116932,469165
2008,112,137713,504800,134926,459567
2009,112,145692,434900,137713,504800
2010,112,141037,273772,145692,434900
2011,112,136570,138401,141037,273772
2012,112,132691,93482,136570,138401
2013,112,123044,42191,132691,93482
2014,112,121965,30847,123044,42191
2015,112,121401,44934,121965,30847
2016,112,117447,39730,121401,44934
2017,112,115611,39322,117447,39730
2018,112,113934,35473,115611,39322
2019,112,110324,25110,113934,35473
2020,112,142643,25013,110324,25110
2021,112,151092,8767,142643,25013
2022,112,148123,8540,151092,8767
2023,112,145298,4806,148123,8540
2024,112,147012,4806,145298,4806
2025,112,146923,4104,147012,4806
1990,113,5,0,0,0
1991,113,5,0,5,0
1992,113,10,0,5,0
1993,113,15,0,10,0
1994,113,63,0,15,0
1995,113,107,0,63,0
1996,113,659,0,107,0
1997,113,650,0,659,0
1998,113,276,0,650,0
1999,113,251,0,276,0
2000,113,155,0,251,0
2001,113,210,0,155,0
2002,113,1365,0,210,0
2003,113,1535,0,1365,0
2004,113,1470,0,1535,0
2005,113,1440,0,1470,0
2006,113,936,0,1440,0
2007,113,461,0,936,0
2008,113,486,0,461,0
2009,113,496,0,486,0
2010,113,508,0,496,0
2011,113,523,0,508,0
2012,113,487,0,523,0
2013,113,217,0,487,0
2014,113,182,0,217,0
2015,113,143,0,182,0
2016,113,74,0,143,0
2017,113,73,0,74,0
2018,113,66,0,73,0
2019,113,61,0,66,0
2020,113,58,0,61,0
2021,113,54,0,58,0
2022,113,77,0,54,0
2023,113,63,0,77,0
2024,113,111,0,63,0
2025,113,106,0,111,0
2018,114,0,0,0,0
2019,114,5,0,0,0
2020,114,5,0,5,0
2022,114,5,0,5,0
2023,114,5,0,5,0
2024,114,5,0,5,0
2025,114,5,0,5,0
1992,115,5,0,0,0
1993,115,5,0,5,0
1994,115,95,0,5,0
1995,115,158,0,95,0
1996,115,1956,0,158,0
1997,115,1916,0,1956,0
1998,115,1014,0,1916,0
1999,115,903,0,1014,0
2000,115,484,0,903,0
2001,115,610,0,484,0
2002,115,3080,0,610,0
2003,115,3173,0,3080,0
2004,115,2822,0,3173,0
2005,115,2428,0,2822,0
2006,115,1424,0,2428,0
2007,115,660,0,1424,0
2008,115,765,0,660,0
2009,115,787,0,765,0
2010,115,712,0,787,0
2011,115,706,0,712,0
2012,115,662,0,706,0
2013,115,228,0,662,0
2014,115,206,0,228,0
2015,115,187,0,206,0
2016,115,165,0,187,0
2017,115,162,0,165,0
2018,115,152,0,162,0
2019,115,144,0,152,0
2020,115,143,0,144,0
2021,115,122,0,143,0
2022,115,112,0,122,0
2023,115,138,0,112,0
2024,115,179,0,138,0
2025,115,191,0,179,0
2000,116,0,0,0,0
2001,116,0,0,0,0
2002,116,0,0,0,0
2003,116,0,0,0,0
2004,116,0,0,0,0
2005,116,0,0,0,0
2006,116,0,0,0,0
2007,116,0,0,0,0
2008,116,0,0,0,0
2009,116,0,0,0,0
2010,116,0,0,0,0
2011,116,0,0,0,0
2013,116,0,0,0,0
2014,116,0,0,0,0
2015,116,0,0,0,0
2016,116,0,0,0,0
2017,116,0,0,0,0
2018,116,0,0,0,0
2019,116,0,0,0,0
2020,116,0,0,0,0
2021,116,0,0,0,0
2022,116,0,0,0,0
2023,116,0,0,0,0
2024,116,0,0,0,0
2025,116,0,0,0,0
1995,117,77,0,0,0
1996,117,76,0,77,0
1997,117,74,0,76,0
1998,117,66,0,74,0
1999,117,53,0,66,0
2000,117,51,0,53,0
2001,117,36,0,51,0
2002,117,52,0,36,0
2003,117,86,0,52,0
2004,117,132,0,86,0
2005,117,201,0,132,0
2006,117,258,0,201,0
2007,117,282,0,258,0
2008,117,278,0,282,0
2009,117,271,0,278,0
2010,117,266,0,271,0
2011,117,287,0,266,0
2012,117,299,0,287,0
2013,117,298,0,299,0
2014,117,279,0,298,0
2015,117,285,0,279,0
2016,117,292,0,285,0
2017,117,292,0,292,0
2018,117,298,0,292,0
2019,117,298,0,298,0
2020,117,268,0,298,0
2021,117,425,0,268,0
2022,117,494,0,425,0
2023,117,558,0,494,0
2024,117,604,0,558,0
2025,117,599,0,604,0
2020,118,0,0,0,0
2023,118,0,0,0,0
2024,118,0,0,0,0
2025,118,0,0,0,0
1989,119,48236,0,0,0
1990,119,65995,0,48236,0
1991,119,79874,0,65995,0
1992,119,79594,0,79874,0
1993,119,67887,0,79594,0
1994,119,68039,0,67887,0
1995,119,84310,0,68039,0
1996,119,83231,0,84310,0
1997,119,70294,0,83231,0
1998,119,70221,0,70294,0
1999,119,29942,0,70221,0
2000,119,29742,0,29942,0
2001,119,29850,0,29742,0
2002,119,30130,0,29850,0
2003,119,30518,0,30130,0
2004,119,31104,0,30518,0
2005,119,31650,0,31104,0
2006,119,33420,0,31650,0
2007,119,33095,0,33420,0
2008,119,45592,0,33095,0
2009,119,39134,0,45592,0
2010,119,37721,0,39134,0
2011,119,39919,0,37721,0
2012,119,33747,0,39919,0
2013,119,34239,0,33747,0
2014,119,34103,0,34239,0
2015,119,34656,0,34103,0
2016,119,36263,0,34656,0
2017,119,36525,0,36263,0
2018,119,37050,0,36525,0
2019,119,37423,0,37050,0
2020,119,37931,0,37423,0
2021,119,39279,0,37931,0
2022,119,36928,0,39279,0
2023,119,37532,0,36928,0
2024,119,38111,0,37532,0
2025,119,38333,0,38111,0
1994,12,60,0,0,0
1995,12,49,0,60,0
1996,12,53,0,49,0
1997,12,54,0,53,0
1998,12,63,0,54,0
1999,12,47,0,63,0
2000,12,33,0,47,0
2001,12,27,0,33,0
2002,12,72,0,27,0
2003,12,68,0,72,0
2004,12,44,0,68,0
2005,12,62,0,44,0
2006,12,30,0,62,0
2007,12,19,0,30,0
2008,12,15,0,19,0
2009,12,15,0,15,0
2010,12,10,0,15,0
2011,12,10,0,10,0
2012,12,15,0,10,0
2013,12,5,0,15,0
2014,12,5,0,5,0
2015,12,0,0,5,0
2016,12,0,0,0,0
2017,12,10,0,0,0
2018,12,24,0,10,0
2019,12,18,0,24,0
2020,12,18,0,18,0
2021,12,23,0,18,0
2022,12,41,0,23,0
2023,12,23,0,41,0
2024,12,33,0,23,0
2025,12,28,0,33,0
1993,120,1895,0,0,0
1994,120,346,0,1895,0
1995,120,12881,0,346,0
1996,120,13039,0,12881,0
1997,120,12742,0,13039,0
1998,120,1934,0,12742,0
1999,120,2091,0,1934,0
2000,120,2175,0,2091,0
2001,120,12192,16371,2175,0
2002,120,8102,9442,12192,16371
2003,120,5981,0,8102,9442
2004,120,5106,0,5981,0
2005,120,8603,0,5106,0
2006,120,7937,0,8603,0
2007,120,8072,0,7937,0
2008,120,7513,0,8072,0
2009,120,7921,0,7513,0
2010,120,7880,0,7921,0
2011,120,7677,0,7880,0
2012,120,7582,0,7677,0
2013,120,1622,0,7582,0
2014,120,1752,0,1622,0
2015,120,1769,0,1752,0
2016,120,1730,0,1769,0
2017,120,1653,0,1730,0
2018,120,1721,0,1653,0
2019,120,1784,0,1721,0
2020,120,1576,0,1784,0
2021,120,1842,116,1576,0
2022,120,1862,0,1842,116
2023,120,1938,0,1862,0
2024,120,2013,0,1938,0
2025,120,1927,0,2013,0
2005,121,0,0,0,0
2006,121,0,0,0,0
2011,121,5,0,0,0
2012,121,5,0,5,0
2013,121,5,0,5,0
2014,121,5,0,5,0
2015,121,5,0,5,0
2016,121,5,0,5,0
2017,121,5,0,5,0
2018,121,5,0,5,0
2019,121,5,0,5,0
1993,122,5,0,0,0
1994,122,455,0,5,0
1995,122,524,0,455,0
1996,122,5826,0,524,0
1997,122,5137,1278,5826,0
1998,122,2750,1278,5137,1278
1999,122,2405,8080,2750,1278
2000,122,2650,8080,2405,8080
2001,122,3731,1000,2650,8080
2002,122,10121,1000,3731,1000
2003,122,11141,0,10121,1000
2004,122,11936,0,11141,0
2005,122,12065,0,11936,0
2006,122,11680,0,12065,0
2007,122,4913,0,11680,0
2008,122,5551,0,4913,0
2009,122,5928,0,5551,0
2010,122,6204,0,5928,0
2011,122,6261,0,6204,0
2012,122,6148,0,6261,0
2013,122,2210,0,6148,0
2014,122,2230,0,2210,0
2015,122,2289,0,2230,0
2016,122,2316,0,2289,0
2017,122,2339,0,2316,0
2018,122,2397,0,2339,0
2019,122,2427,0,2397,0
2020,122,2206,0,2427,0
2021,122,2190,0,2206,0
2022,122,4799,0,2190,0
2023,122,5343,0,4799,0
2024,122,6236,0,5343,0
2025,122,6172,0,6236,0
2004,123,0,0,0,0
2005,123,10,0,0,0
2006,123,15,0,10,0
2007,123,15,0,15,0
2008,123,15,0,15,0
2009,123,15,0,15,0
2010,123,16,0,15,0
2011,123,21,0,16,0
2012,123,22,0,21,0
2013,123,30,0,22,0
2014,123,32,0,30,0
2015,123,39,0,32,0
2016,123,58,0,39,0
2017,123,64,0,58,0
2018,123,74,0,64,0
2019,123,75,0,74,0
2020,123,78,0,75,0
2021,123,80,0,78,0
2022,123,82,0,80,0
2023,123,70,0,82,0
2024,123,76,0,70,0
2025,123,67,0,76,0
1994,124,248,0,0,0
1995,124,361,0,248,0
1996,124,520,0,361,0
1997,124,663,0,520,0
1998,124,1011,0,663,0
1999,124,1358,0,1011,0
2000,124,1288,0,1358,0
2001,124,1592,0,1288,0
2002,124,1668,0,1592,0
2003,124,1650,0,1668,0
2004,124,1740,0,1650,0
2005,124,2309,0,1740,0
2006,124,3301,0,2309,0
2007,124,5568,0,3301,0
2008,124,6160,0,5568,0
2009,124,6433,0,6160,0
2010,124,6809,0,6433,0
2011,124,7471,0,6809,0
2012,124,8438,0,7471,0
2013,124,9396,0,8438,0
2014,124,10672,0,9396,0
2015,124,11340,0,10672,0
2016,124,10387,0,11340,0
2017,124,11679,0,10387,0
2018,124,12870,0,11679,0
2019,124,14621,0,12870,0
2020,124,15398,0,14621,0
2021,124,16403,0,15398,0
2022,124,17635,262411,16403,0
2023,124,21869,262411,17635,262411
2024,124,39241,262411,21869,262411
2025,124,27347,262411,39241,262411
2013,125,5,0,0,0
2014,125,5,0,5,0
2015,125,5,0,5,0
2016,125,5,0,5,0
2017,125,7,0,5,0
2018,125,7,0,7,0
2019,125,7,0,7,0
2020,125,7,0,7,0
2021,125,7,0,7,0
2023,125,0,0,7,0
2024,125,0,0,0,0
2025,125,0,0,0,0
1991,126,14705,0,0,0
1992,126,71190,0,14705,0
1993,126,98575,0,71190,0
1994,126,172903,3000,98575,0
1995,126,77218,0,172903,3000
1996,126,55192,0,77218,0
1997,126,18014,0,55192,0
1998,126,3699,0,18014,0
1999,126,381,0,3699,0
2000,126,364,0,381,0
2001,126,311,0,364,0
2002,126,525,0,311,0
2003,126,456,0,525,0
2004,126,476,0,456,0
2005,126,512,0,476,0
2006,126,586,0,512,0
2007,126,4489,0,586,0
2008,126,1751,0,4489,0
2009,126,2927,0,1751,0
2010,126,3659,0,2927,0
2011,126,4289,0,3659,0
2012,126,149930,227930,4289,0
2013,126,152812,254822,149930,227930
2014,126,139249,99816,152812,254822
2015,126,154202,61920,139249,99816
2016,126,156415,36690,154202,61920
2017,126,150305,38172,156415,36690
2018,126,158267,120298,150305,38172
2019,126,164466,207751,158267,120298
2020,126,164588,332957,164466,207751
2021,126,183392,350110,164588,332957
2022,126,225726,379932,183392,350110
2023,126,249046,354739,225726,379932
2024,126,354075,360591,249046,354739
2025,126,376725,402167,354075,360591
1991,127,5,0,0,0
1992,127,5,0,5,0
1993,127,5,0,5,0
1994,127,83,0,5,0
1995,127,82,0,83,0
1996,127,105,0,82,0
1997,127,88,0,105,0
1998,127,87,0,88,0
1999,127,83,0,87,0
2000,127,79,0,83,0
2001,127,77,0,79,0
2002,127,117,0,77,0
2003,127,235,0,117,0
2004,127,287,0,235,0
2005,127,388,0,287,0
2006,127,575,0,388,0
2007,127,611,0,575,0
2008,127,607,0,611,0
2009,127,530,0,607,0
2010,127,550,0,530,0
2011,127,531,0,550,0
2012,127,523,0,531,0
2013,127,478,0,523,0
2014,127,458,0,478,0
2015,127,435,0,458,0
2016,127,453,0,435,0
2017,127,540,0,453,0
2018,127,817,0,540,0
2019,127,906,0,817,0
2020,127,1058,0,906,0
2021,127,1182,0,1058,0
2022,127,1359,0,1182,0
2023,127,999,0,1359,0
2024,127,1209,0,999,0
2025,127,2002,0,1209,0
1966,128,150,0,0,0
1967,128,300,0,150,0
1968,128,140,0,300,0
1969,128,190,0,140,0
1970,128,250,0,190,0
1971,128,250,0,250,0
1972,128,250,0,250,0
1973,128,100,0,250,0
1974,128,80,0,100,0
1975,128,30350,0,80,0
1976,128,60,0,30350,0
1977,128,1050,0,60,0
1978,128,310,0,1050,0
1979,128,460,0,310,0
1980,128,420,0,460,0
1981,128,70,0,420,0
1982,128,240,0,70,0
1983,128,440,0,240,0
1984,128,440,0,440,0
1985,128,450,0,440,0
1986,128,440,0,450,0
1987,128,450,0,440,0
1988,128,5,0,450,0
1989,128,5,0,5,0
1990,128,55,0,5,0
1991,128,50,0,55,0
1992,128,50,0,50,0
1993,128,43,0,50,0
1994,128,60,0,43,0
1995,128,37,0,60,0
1996,128,40,0,37,0
1997,128,37,0,40,0
1998,128,27,0,37,0
1999,128,34,0,27,0
2000,128,34,0,34,0
2001,128,26,0,34,0
2002,128,48,0,26,0
2003,128,60,0,48,0
2004,128,95,0,60,0
2005,128,98,0,95,0
2006,128,112,0,98,0
2007,128,93,0,112,0
2008,128,103,0,93,0
2009,128,126,0,103,0
2010,128,168,0,126,0
2011,128,216,0,168,0
2012,128,273,0,216,0
2013,128,323,0,273,0
2014,128,356,0,323,0
2015,128,429,0,356,0
2016,128,427,0,429,0
2017,128,434,0,427,0
2018,128,472,0,434,0
2019,128,514,0,472,0
2020,128,514,0,514,0
2021,128,513,0,514,0
2022,128,499,0,513,0
2023,128,531,0,499,0
2024,128,570,0,531,0
2025,128,560,0,570,0
1996,129,5,0,0,0
1997,129,10,0,5,0
1998,129,17,0,10,0
1999,129,25,0,17,0
2000,129,25,0,25,0
2001,129,57,0,25,0
2002,129,277,0,57,0
2003,129,324,0,277,0
2004,129,443,0,324,0
2005,129,655,0,443,0
2006,129,866,0,655,0
2007,129,1103,0,866,0
2008,129,1329,0,1103,0
2009,129,1490,0,1329,0
2010,129,1720,0,1490,0
2011,129,1982,0,1720,0
2012,129,2111,0,1982,0
2013,129,2054,0,2111,0
2014,129,2162,0,2054,0
2015,129,2198,0,2162,0
2016,129,2282,0,2198,0
2017,129,2227,0,2282,0
2018,129,2249,0,2227,0
2019,129,2364,0,2249,0
2020,129,2277,0,2364,0
2021,129,2508,0,2277,0
2022,129,2413,0,2508,0
2023,129,2393,0,2413,0
2024,129,2501,0,2393,0
2025,129,2492,0,2501,0
1992,13,300000,0,0,0
1993,13,328005,778000,300000,0
1994,13,299092,663100,328005,778000
1995,13,200519,622100,299092,663100
1996,13,236086,549030,200519,622100
1997,13,234949,551077,236086,549030
1998,13,329655,576321,234949,551077
1999,13,311131,569550,329655,576321
2000,13,284278,572451,311131,569550
2001,13,268755,572955,284278,572451
2002,13,260217,577179,268755,572955
2003,13,253248,575609,260217,577179
2004,13,250584,578545,253248,575609
2005,13,233678,578545,250584,578545
2006,13,126068,686586,233678,578545
2007,13,15922,686586,126068,686586
2008,13,16321,603251,15922,686586
2009,13,16945,586013,16321,603251
2010,13,16756,592860,16945,586013
2011,13,16168,599192,16756,592860
2012,13,15541,600336,16168,599192
2013,13,10808,609029,15541,600336
2014,13,10508,622892,10808,609029
2015,13,9707,618220,10508,622892
2016,13,10118,613129,9707,618220
2017,13,10893,612785,10118,613129
2018,13,11246,620423,10893,612785
2019,13,11626,652326,11246,620423
2020,13,101468,653921,11626,652326
2021,13,39478,654839,101468,653921
2022,13,42116,658793,39478,654839
2023,13,158098,657749,42116,658793
2024,13,153154,655212,158098,657749
2025,13,146308,655212,153154,655212
1988,130,5,0,0,0
1989,130,5,0,5,0
1990,130,14,0,5,0
1991,130,46,0,14,0
1992,130,92,0,46,0
1993,130,105,0,92,0
1994,130,179,0,105,0
1995,130,300,0,179,0
1996,130,302,0,300,0
1997,130,309,0,302,0
1998,130,351,0,309,0
1999,130,373,0,351,0
2000,130,394,0,373,0
2001,130,357,0,394,0
2002,130,1266,0,357,0
2003,130,1291,0,1266,0
2004,130,1313,0,1291,0
2005,130,2914,0,1313,0
2006,130,4699,0,2914,0
2007,130,4036,0,4699,0
2008,130,3520,0,4036,0
2009,130,2277,0,3520,0
2010,130,2276,0,2277,0
2011,130,2305,0,2276,0
2012,130,2394,0,2305,0
2013,130,1290,0,2394,0
2014,130,1523,0,1290,0
2015,130,1760,0,1523,0
2016,130,2240,0,1760,0
2017,130,3089,0,2240,0
2018,130,3873,0,3089,0
2019,130,4642,0,3873,0
2020,130,4467,0,4642,0
2021,130,5385,0,4467,0
2022,130,10435,0,5385,0
2023,130,8827,0,10435,0
2024,130,10609,0,8827,0
2025,130,11049,0,10609,0
1964,131,10000,0,0,0
1965,131,17000,0,10000,0
1966,131,20800,0,17000,0
1967,131,27750,0,20800,0
1968,131,33750,0,27750,0
1969,131,43120,0,33750,0
1970,131,60070,0,43120,0
1971,131,60410,0,60070,0
1972,131,64400,0,60410,0
1973,131,69800,0,64400,0
1974,131,80960,0,69800,0
1975,131,34750,0,80960,0
1976,131,580,0,34750,0
1977,131,120,0,580,0
1978,131,130,0,120,0
1979,131,370,0,130,0
1980,131,120,0,370,0
1981,131,5170,0,120,0
1982,131,20200,0,5170,0
1983,131,50200,0,20200,0
1984,131,51200,0,50200,0
1985,131,72250,0,51200,0
1986,131,193550,0,72250,0
1987,131,635000,0,193550,0
1988,131,921237,0,635000,0
1989,131,1120756,0,921237,0
1990,131,1247991,0,1120756,0
1991,131,1316635,0,1247991,0
1992,131,1445474,0,1316635,0
1993,131,1172548,0,1445474,0
1994,131,234495,0,1172548,0
1995,131,125561,0,234495,0
1996,131,34656,0,125561,0
1997,131,33652,0,34656,0
1998,131,56,0,33652,0
1999,131,26,0,56,0
2000,131,24,0,26,0
2001,131,45,0,24,0
2002,131,129,0,45,0
2003,131,106,0,129,0
2004,131,94,0,106,0
2005,131,93,0,94,0
2006,131,216,0,93,0
2007,131,213,0,216,0
2008,131,198,0,213,0
2009,131,130,0,198,0
2010,131,120,0,130,0
2011,131,147,0,120,0
2012,131,155,0,147,0
2013,131,51,0,155,0
2014,131,55,0,51,0
2015,131,55,0,55,0
2016,131,48,15128,55,0
2017,131,48,15128,48,15128
2018,131,57,0,48,15128
2019,131,77,180516,57,0
2020,131,81,668038,77,180516
2021,131,90,744949,81,668038
2022,131,109,1028743,90,744949
2023,131,117,582764,109,1028743
2024,131,114,577545,117,582764
2025,131,108,461639,114,577545
1994,132,7,0,0,0
1995,132,13,0,7,0
1996,132,18,0,13,0
1997,132,14,0,18,0
1998,132,15,0,14,0
1999,132,23,0,15,0
2000,132,17,0,23,0
2001,132,7,0,17,0
2002,132,7,0,7,0
2003,132,6,0,7,0
2004,132,0,0,6,0
2006,132,25,0,0,0
2007,132,10,0,25,0
2008,132,10,0,10,0
2009,132,10,0,10,0
2010,132,5,0,10,0
2011,132,5,0,5,0
2012,132,5,0,5,0
2013,132,5,0,5,0
2015,132,0,0,5,0
2017,132,0,0,0,0
2018,132,5,0,0,0
2019,132,5,0,5,0
2020,132,5,0,5,0
2021,132,7,0,5,0
2022,132,0,0,7,0
2023,132,0,0,0,0
2024,132,10,0,0,0
2025,132,7,0,10,0
2006,133,136,16196,0,0
2007,133,555,16155,136,16196
2008,133,1280,0,555,16155
2009,133,2578,0,1280,0
2010,133,3243,0,2578,0
2011,133,3699,0,3243,0
2012,133,4052,0,3699,0
2013,133,542,0,4052,0
2014,133,601,0,542,0
2015,133,646,0,601,0
2016,133,713,0,646,0
2017,133,704,0,713,0
2018,133,715,0,704,0
2019,133,659,0,715,0
2020,133,530,0,659,0
2021,133,623,0,530,0
2022,133,612,0,623,0
2023,133,631,0,612,0
2024,133,763,0,631,0
2025,133,742,0,763,0
1995,134,12,0,0,0
1996,134,10,0,12,0
1998,134,12,0,10,0
1999,134,5,0,12,0
2000,134,29,0,5,0
2001,134,30,0,29,0
2002,134,39,0,30,0
2003,134,54,0,39,0
2004,134,15,0,54,0
2005,134,22,0,15,0
2006,134,75,0,22,0
2007,134,67,0,75,0
2008,134,20,0,67,0
2009,134,21,0,20,0
2010,134,25,0,21,0
2011,134,36,0,25,0
2012,134,57,0,36,0
2013,134,72,0,57,0
2014,134,91,0,72,0
2015,134,101,0,91,0
2016,134,106,0,101,0
2017,134,130,0,106,0
2018,134,156,0,130,0
2019,134,178,0,156,0
2020,134,176,0,178,0
2021,134,198,0,176,0
2022,134,208,0,198,0
2023,134,245,0,208,0
2024,134,263,0,245,0
2025,134,274,0,263,0
1972,135,700,0,0,0
1978,135,160000,0,700,0
1979,135,0,0,160000,0
1988,135,7,0,0,0
1990,135,24,0,7,0
1991,135,40052,0,24,0
1992,135,245127,0,40052,0
1993,135,281571,0,245127,0
1994,135,204512,0,281571,0
1995,135,152301,0,204512,0
1996,135,143019,0,152301,0
1997,135,135771,0,143019,0
1998,135,133408,0,135771,0
1999,135,131661,0,133408,0
2000,135,137121,0,131661,0
2001,135,145849,0,137121,0
2002,135,148493,0,145849,0
2003,135,151370,0,148493,0
2004,135,160997,0,151370,0
2005,135,164851,0,160997,0
2006,135,202817,58500,164851,0
2007,135,191308,67290,202817,58500
2008,135,184410,67290,191308,67290
2009,135,406667,67290,184410,67290
2010,135,415662,62015,406667,67290
2011,135,414615,339200,415662,62015
2012,135,415363,430400,414615,339200
2013,135,479594,372000,415363,430400
2014,135,479006,376500,479594,372000
2015,135,451804,451089,479006,376500
2016,135,490285,375016,451804,451089
2017,135,1156742,353108,490285,375016
2018,135,1145149,370306,1156742,353108
2019,135,1076826,312018,1145149,370306
2020,135,1103245,370320,1076826,312018
2021,135,1177327,671011,1103245,370320
2022,135,1251618,1504848,1177327,671011
2023,135,1283426,2607645,1251618,1504848
2024,135,1322503,3513867,1283426,2607645
2025,135,1467557,3509780,1322503,3513867
1966,136,180,0,0,0
1967,136,230,0,180,0
1968,136,1330,0,230,0
1969,136,840,0,1330,0
1970,136,900,0,840,0
1971,136,900,0,900,0
1972,136,1000,0,900,0
1973,136,3410,0,1000,0
1974,136,3420,0,3410,0
1975,136,3970,0,3420,0
1976,136,9020,0,3970,0
1977,136,12930,0,9020,0
1978,136,35760,0,12930,0
1979,136,40580,0,35760,0
1980,136,55620,0,40580,0
1981,136,74520,0,55620,0
1982,136,75170,0,74520,0
1983,136,75110,0,75170,0
1984,136,77550,0,75110,0
1985,136,76916,0,77550,0
1986,136,76966,0,76916,0
1987,136,75726,0,76966,0
1988,136,76591,0,75726,0
1989,136,3704,0,76591,0
1990,136,532,0,3704,0
1991,136,204,0,532,0
1992,136,17,0,204,0
1993,136,133,0,17,0
1994,136,65,0,133,0
1995,136,12,0,65,0
1996,136,13,0,12,0
1998,136,1900,0,13,0
1999,136,702,0,1900,0
2000,136,2307,0,702,0
2001,136,2295,0,2307,0
2002,136,1298,0,2295,0
2003,136,1289,0,1298,0
2004,136,1307,0,1289,0
2005,136,1221,0,1307,0
2006,136,1196,0,1221,0
2007,136,1123,0,1196,0
2008,136,976,0,1123,0
2009,136,918,0,976,0
2010,136,1013,0,918,0
2011,136,1067,0,1013,0
2012,136,1097,0,1067,0
2013,136,1138,0,1097,0
2014,136,1250,0,1138,0
2015,136,1272,0,1250,0
2016,136,1363,0,1272,0
2017,136,1368,0,1363,0
2018,136,1331,0,1368,0
2019,136,459,0,1331,0
2020,136,457,0,459,0
2021,136,441,0,457,0
2022,136,317,0,441,0
2023,136,447,0,317,0
2024,136,646,0,447,0
2025,136,603,0,646,0
1994,137,5,0,0,0
1995,137,27,0,5,0
1996,137,44,0,27,0
1997,137,49,0,44,0
1998,137,95,0,49,0
1999,137,178,0,95,0
2000,137,227,0,178,0
2001,137,300,0,227,0
2002,137,899,0,300,0
2003,137,1232,0,899,0
2004,137,1414,0,1232,0
2005,137,2052,0,1414,0
2006,137,2640,100000,2052,0
2007,137,3358,50000,2640,100000
2008,137,4182,0,3358,50000
2009,137,5094,0,4182,0
2010,137,5876,0,5094,0
2011,137,6840,0,5876,0
2012,137,7596,0,6840,0
2013,137,8093,0,7596,0
2014,137,8542,0,8093,0
2015,137,9051,0,8542,0
2016,137,8364,0,9051,0
2017,137,8415,0,8364,0
2018,137,8590,0,8415,0
2019,137,8034,0,8590,0
2020,137,7477,0,8034,0
2021,137,7021,0,7477,0
2022,137,7321,0,7021,0
2023,137,7221,0,7321,0
2024,137,7832,0,7221,0
2025,137,8161,0,7832,0
1994,138,75,0,0,0
1995,138,86,0,75,0
1996,138,97,0,86,0
1997,138,77,0,97,0
1998,138,57,0,77,0
1999,138,29,0,57,0
2000,138,14,0,29,0
2001,138,5,0,14,0
2002,138,32,0,5,0
2003,138,38,0,32,0
2004,138,45,0,38,0
2005,138,155,0,45,0
2006,138,41,0,155,0
2007,138,44,0,41,0
2008,138,46,0,44,0
2009,138,44,0,46,0
2010,138,52,0,44,0
2011,138,61,0,52,0
2012,138,69,0,61,0
2013,138,59,0,69,0
2014,138,63,0,59,0
2015,138,64,0,63,0
2016,138,32,0,64,0
2017,138,39,0,32,0
2018,138,41,0,39,0
2019,138,55,0,41,0
2020,138,51,0,55,0
2021,138,58,0,51,0
2022,138,56,0,58,0
2023,138,67,0,56,0
2024,138,136,0,67,0
2025,138,100,0,136,0
1992,139,22006,0,0,0
1993,139,22306,0,22006,0
1994,139,22019,0,22306,0
1995,139,10289,0,22019,0
1996,139,10359,0,10289,0
1997,139,2783,0,10359,0
1998,139,418,0,2783,0
1999,139,508,0,418,0
2000,139,483,0,508,0
2001,139,478,0,483,0
2002,139,829,0,478,0
2003,139,716,0,829,0
2004,139,676,0,716,0
2005,139,642,0,676,0
2006,139,803,0,642,0
2007,139,817,0,803,0
2008,139,789,0,817,0
2009,139,812,0,789,0
2010,139,794,0,812,0
2011,139,805,0,794,0
2012,139,824,0,805,0
2013,139,674,0,824,0
2014,139,728,0,674,0
2015,139,1383,137337,728,0
2016,139,1230,121391,1383,137337
2017,139,1363,129015,1230,121391
2018,139,2715,156137,1363,129015
2019,139,3063,191902,2715,156137
2020,139,18853,298458,3063,191902
2021,139,21901,224016,18853,298458
2022,139,21946,376809,21901,224016
2023,139,24794,335277,21946,376809
2024,139,44119,507438,24794,335277
2025,139,30953,459585,44119,507438
1990,14,39,0,0,0
1991,14,52,0,39,0
1992,14,53,0,52,0
1993,14,59,0,53,0
1994,14,74,0,59,0
1995,14,70,0,74,0
1996,14,64,0,70,0
1997,14,82,0,64,0
1998,14,94,0,82,0
1999,14,124,0,94,0
2000,14,92,0,124,0
2001,14,46,0,92,0
2002,14,49,0,46,0
2003,14,50,0,49,0
2004,14,52,0,50,0
2005,14,40,0,52,0
2006,14,56,0,40,0
2007,14,65,0,56,0
2008,14,72,0,65,0
2009,14,72,0,72,0
2010,14,81,0,72,0
2011,14,213,0,81,0
2012,14,294,0,213,0
2013,14,274,0,294,0
2014,14,344,0,274,0
2015,14,422,0,344,0
2016,14,461,0,422,0
2017,14,497,0,461,0
2018,14,540,0,497,0
2019,14,557,0,540,0
2020,14,534,0,557,0
2021,14,416,0,534,0
2022,14,312,0,416,0
2023,14,304,0,312,0
2024,14,289,0,304,0
2025,14,269,0,289,0
1978,140,144800,0,0,0
1979,140,16600,0,144800,0
1980,140,960,0,16600,0
1981,140,2500,0,960,0
1982,140,18970,0,2500,0
1983,140,23520,0,18970,0
1984,140,35020,0,23520,0
1985,140,52650,0,35020,0
1986,140,67550,0,52650,0
1987,140,68540,0,67550,0
1988,140,86563,0,68540,0
1989,140,97698,0,86563,0
1990,140,52617,0,97698,0
1991,140,46789,0,52617,0
1992,140,44275,0,46789,0
1993,140,33056,0,44275,0
1994,140,28596,0,33056,0
1995,140,23936,0,28596,0
1996,140,22818,0,23936,0
1997,140,22495,0,22818,0
1998,140,21390,0,22495,0
1999,140,20572,0,21390,0
2000,140,5070,0,20572,0
2001,140,4397,0,5070,0
2002,140,4049,0,4397,0
2003,140,3984,0,4049,0
2004,140,1822,0,3984,0
2005,140,1463,0,1822,0
2006,140,1827,0,1463,0
2007,140,1899,0,1827,0
2008,140,1533,0,1899,0
2009,140,1473,0,1533,0
2010,140,1426,0,1473,0
2011,140,1464,0,1426,0
2012,140,1526,0,1464,0
2013,140,1530,0,1526,0
2014,140,1580,0,1530,0
2015,140,1469,0,1580,0
2016,140,1409,0,1469,0
2017,140,1467,0,1409,0
2018,140,1671,0,1467,0
2019,140,4376,0,1671,0
2020,140,8701,0,4376,0
2021,140,11041,0,8701,0
2022,140,16087,0,11041,0
2023,140,25483,0,16087,0
2024,140,30020,0,25483,0
2025,140,31387,0,30020,0
1968,141,51100,0,0,0
1969,141,2850,0,51100,0
1970,141,0,0,2850,0
1987,141,5,0,0,0
1988,141,15,0,5,0
1989,141,15,0,15,0
1990,141,15,0,15,0
1991,141,22,0,15,0
1992,141,75,0,22,0
1993,141,95,0,75,0
1994,141,587,0,95,0
1995,141,1942,0,587,0
1996,141,4751,0,1942,0
1997,141,3043,0,4751,0
1998,141,3998,0,3043,0
1999,141,4440,0,3998,0
2000,141,5735,0,4440,0
2001,141,6077,0,5735,0
2002,141,24554,0,6077,0
2003,141,24414,0,24554,0
2004,141,23882,0,24414,0
2005,141,22123,0,23882,0
2006,141,13242,0,22123,0
2007,141,13898,0,13242,0
2008,141,14170,0,13898,0
2009,141,15609,0,14170,0
2010,141,15645,0,15609,0
2011,141,17140,0,15645,0
2012,141,18017,0,17140,0
2013,141,31173,0,18017,0
2014,141,90936,1188018,31173,0
2015,141,167973,2172532,90936,1188018
2016,141,229290,2219272,167973,2172532
2017,141,238977,1704080,229290,2219272
2018,141,276834,2167925,238977,1704080
2019,141,295578,2195779,276834,2167925
2020,141,352960,2610278,295578,2195779
2021,141,383660,3084916,352960,2610278
2022,141,391120,3286881,383660,3084916
2023,141,410308,3313601,391120,3286881
2024,141,467605,3432959,410308,3313601
2025,141,480725,3575114,467605,3432959
2011,142,7,0,0,0
2012,142,10,0,7,0
2013,142,14,0,10,0
2014,142,18,0,14,0
2015,142,18,0,18,0
2016,142,19,0,18,0
2017,142,19,0,19,0
2018,142,19,0,19,0
2019,142,19,0,19,0
2020,142,18,0,19,0
2021,142,11,0,18,0
2022,142,11,0,11,0
2023,142,6,0,11,0
2024,142,5,0,6,0
2025,142,5,0,5,0
2002,143,5,0,0,0
2003,143,5,0,5,0
2004,143,5,0,5,0
2005,143,12,0,5,0
2007,143,0,0,12,0
2009,143,0,0,0,0
2011,143,5,0,0,0
2012,143,5,0,5,0
2013,143,15,0,5,0
2014,143,15,0,15,0
2015,143,10,0,15,0
2016,143,10,0,10,0
2017,143,15,0,10,0
2018,143,5,0,15,0
2019,143,5,0,5,0
2020,143,5,0,5,0
2021,143,5,0,5,0
2022,143,5,0,5,0
2023,143,17,0,5,0
2024,143,22,0,17,0
2025,143,10,0,22,0
1999,144,5,0,0,0
2000,144,5,0,5,0
2003,144,5,0,5,0
2011,144,0,0,5,0
2019,144,0,0,0,0
2020,144,5,0,0,0
2021,144,5,0,5,0
2022,144,5,0,5,0
2023,144,7,0,5,0
2024,144,5,0,7,0
2025,144,5,0,5,0
2001,145,0,0,0,0
2002,145,0,0,0,0
2003,145,0,0,0,0
2004,145,0,0,0,0
2005,145,5,0,0,0
2006,145,7,0,5,0
2007,145,12,0,7,0
2008,145,8,0,12,0
2009,145,9,0,8,0
2010,145,11,0,9,0
2011,145,13,0,11,0
2012,145,19,0,13,0
2013,145,15,0,19,0
2014,145,14,0,15,0
2015,145,16,0,14,0
2016,145,25,0,16,0
2017,145,34,0,25,0
2018,145,34,0,34,0
2019,145,34,0,34,0
2020,145,35,0,34,0
2021,145,33,0,35,0
2022,145,48,0,33,0
2023,145,39,0,48,0
2024,145,52,0,39,0
2025,145,54,0,52,0
1994,146,5,0,0,0
1995,146,9,0,5,0
1996,146,8,0,9,0
1997,146,8,0,8,0
1998,146,8,0,8,0
1999,146,8,0,8,0
2000,146,5,0,8,0
2001,146,5,0,5,0
2002,146,19,0,5,0
2003,146,5,0,19,0
2004,146,16,0,5,0
2005,146,10,0,16,0
2006,146,37,0,10,0
2007,146,44,0,37,0
2008,146,55,0,44,0
2009,146,63,0,55,0
2010,146,62,0,63,0
2011,146,58,0,62,0
2012,146,62,0,58,0
2013,146,20,0,62,0
2014,146,25,0,20,0
2015,146,36,0,25,0
2016,146,35,0,36,0
2017,146,39,0,35,0
2018,146,42,0,39,0
2019,146,42,0,42,0
2020,146,47,0,42,0
2021,146,53,0,47,0
2022,146,59,0,53,0
2023,146,95,0,59,0
2024,146,118,0,95,0
2025,146,134,0,118,0
1974,147,0,0,0,0
1988,147,274,0,0,0
1989,147,409,0,274,0
1990,147,485,0,409,0
1991,147,523,0,485,0
1992,147,1088,0,523,0
1993,147,1420,0,1088,0
1994,147,4431,0,1420,0
1995,147,5277,0,4431,0
1996,147,7499,0,5277,0
1997,147,5978,0,7499,0
1998,147,6855,0,5978,0
1999,147,8006,0,6855,0
2000,147,10129,0,8006,0
2001,147,12314,0,10129,0
2002,147,23098,0,12314,0
2003,147,24322,0,23098,0
2004,147,25930,0,24322,0
2005,147,29884,0,25930,0
2006,147,25618,0,29884,0
2007,147,31832,0,25618,0
2008,147,32375,155809,31832,0
2009,147,35105,1894557,32375,155809
2010,147,39956,952035,35105,1894557
2011,147,35927,452932,39956,952035
2012,147,49760,757996,35927,452932
2013,147,48658,747498,49760,757996
2014,147,335931,1375904,48658,747498
2015,147,297873,1146108,335931,1375904
2016,147,105409,448956,297873,1146108
2017,147,128906,174354,105409,448956
2018,147,132240,96384,128906,174354
2019,147,136896,100680,132240,96384
2020,147,133259,98898,136896,100680
2021,147,132793,98898,133259,98898
2022,147,112328,0,132793,98898
2023,147,94447,0,112328,0
2024,147,86252,3439,94447,0
2025,147,88412,0,86252,3439
1988,148,47,0,0,0
1989,148,365,0,47,0
1990,148,629,0,365,0
1991,148,640,0,629,0
1992,148,652,0,640,0
1993,148,677,0,652,0
1994,148,486,0,677,0
1995,148,158,0,486,0
1996,148,146,0,158,0
1997,148,123,0,146,0
1998,148,86,0,123,0
1999,148,73,0,86,0
2000,148,70,0,73,0
2001,148,36,0,70,0
2002,148,44,0,36,0
2003,148,29,0,44,0
2004,148,38,0,29,0
2005,148,41,0,38,0
2006,148,72,0,41,0
2007,148,105,0,72,0
2008,148,106,0,105,0
2009,148,102,0,106,0
2010,148,94,0,102,0
2011,148,98,0,94,0
2012,148,107,0,98,0
2013,148,99,0,107,0
2014,148,83,0,99,0
2015,148,62,0,83,0
2016,148,33,0,62,0
2017,148,36,0,33,0
2018,148,44,0,36,0
2019,148,45,0,44,0
2020,148,70,0,45,0
2021,148,118,0,70,0
2022,148,140,0,118,0
2023,148,233,0,140,0
2024,148,333,0,233,0
2025,148,338,0,333,0
1990,149,19,0,0,0
1991,149,8,0,19,0
1992,149,10,0,8,0
1993,149,15,0,10,0
1994,149,64,0,15,0
1995,149,51,0,64,0
1996,149,45,0,51,0
1997,149,19,0,45,0
1998,149,16,0,19,0
1999,149,20,0,16,0
2000,149,20,0,20,0
2001,149,6,0,20,0
2002,149,26,0,6,0
2003,149,34,0,26,0
2004,149,34,0,34,0
2005,149,42,0,34,0
2006,149,103,0,42,0
2007,149,99,0,103,0
2008,149,97,0,99,0
2009,149,77,0,97,0
2010,149,86,0,77,0
2011,149,91,0,86,0
2012,149,101,0,91,0
2013,149,91,0,101,0
2014,149,87,0,91,0
2015,149,88,0,87,0
2016,149,68,0,88,0
2017,149,77,0,68,0
2018,149,73,0,77,0
2019,149,84,0,73,0
2020,149,119,0,84,0
2021,149,125,0,119,0
2022,149,139,0,125,0
2023,149,155,0,139,0
2024,149,170,0,155,0
2025,149,169,0,170,0
1994,15,5,0,0,0
2000,15,5,0,5,0
2001,15,6,0,5,0
2002,15,6,0,6,0
2003,15,8,0,6,0
2004,15,10,0,8,0
2005,15,8,0,10,0
2006,15,28,0,8,0
2007,15,39,0,28,0
2008,15,33,0,39,0
2009,15,28,0,33,0
2010,15,29,0,28,0
2011,15,42,0,29,0
2012,15,50,0,42,0
2013,15,63,0,50,0
2014,15,82,0,63,0
2015,15,95,0,82,0
2016,15,144,0,95,0
2017,15,172,0,144,0
2018,15,211,0,172,0
2019,15,243,0,211,0
2020,15,230,0,243,0
2021,15,265,0,230,0
2022,15,231,0,265,0
2023,15,298,0,231,0
2024,15,415,0,298,0
2025,15,370,0,415,0
1988,150,5,0,0,0
1989,150,26,0,5,0
1990,150,255,0,26,0
1991,150,473,0,255,0
1992,150,727,0,473,0
1993,150,1967,0,727,0
1994,150,4333,0,1967,0
1995,150,5902,0,4333,0
1996,150,6695,0,5902,0
1997,150,6608,0,6695,0
1998,150,7065,0,6608,0
1999,150,7205,0,7065,0
2000,150,6948,0,7205,0
2001,150,6500,0,6948,0
2002,150,6431,0,6500,0
2003,150,5578,0,6431,0
2004,150,4767,0,5578,0
2005,150,4863,0,4767,0
2006,150,6977,0,4863,0
2007,150,7738,0,6977,0
2008,150,7329,0,7738,0
2009,150,6272,0,7329,0
2010,150,5834,0,6272,0
2011,150,5488,0,5834,0
2012,150,5207,0,5488,0
2013,150,4762,0,5207,0
2014,150,4333,0,4762,0
2015,150,3591,0,4333,0
2016,150,2599,0,3591,0
2017,150,2588,0,2599,0
2018,150,2579,0,2588,0
2019,150,2765,0,2579,0
2020,150,2834,0,2765,0
2021,150,3521,0,2834,0
2022,150,4021,0,3521,0
2023,150,4724,0,4021,0
2024,150,6459,0,4724,0
2025,150,6551,0,6459,0
1977,151,90000,0,0,0
1978,151,92000,0,90000,0
1979,151,90000,0,92000,0
1980,151,90000,0,90000,0
1981,151,90000,0,90000,0
1982,151,90000,0,90000,0
1983,151,100000,0,90000,0
1984,151,100000,0,100000,0
1985,151,90000,0,100000,0
1986,151,90000,0,90000,0
1987,151,90000,0,90000,0
1988,151,90000,0,90000,0
1989,151,90000,0,90000,0
1990,151,11,0,90000,0
1991,151,15,0,11,0
1992,151,45,0,15,0
1993,151,111,0,45,0
1994,151,435,0,111,0
1995,151,515,0,435,0
1996,151,599,0,515,0
1997,151,526,0,599,0
1998,151,45601,0,526,0
1999,151,45516,0,45601,0
2000,151,45481,0,45516,0
2001,151,45469,0,45481,0
2002,151,45606,0,45469,0
2003,151,409,0,45606,0
2004,151,428,0,409,0
2005,151,464,0,428,0
2006,151,888,0,464,0
2007,151,1550,0,888,0
2008,151,1348,0,1550,0
2009,151,987,0,1348,0
2010,151,963,139509,987,0
2011,151,945,159465,963,139509
2012,151,979,1159,945,159465
2013,151,718,117369,979,1159
2014,151,655,142430,718,117369
2015,151,582,63174,655,142430
2016,151,426,87418,582,63174
2017,151,445,311943,426,87418
2018,151,522,77651,445,311943
2019,151,549,178897,522,77651
2020,151,463,150368,549,178897
2021,151,513,105214,463,150368
2022,151,578,98094,513,105214
2023,151,635,108237,578,98094
2024,151,780,121576,635,108237
2025,151,720,92409,780,121576
2013,152,0,0,0,0
2017,152,0,0,0,0
2022,152,5,0,0,0
2023,152,5,0,5,0
1995,153,2000,0,0,0
1996,153,2006,0,2000,0
1997,153,806,0,2006,0
1998,153,216,0,806,0
1999,153,6,0,216,0
2000,153,6,0,6,0
2001,153,6,0,6,0
2002,153,12,0,6,0
2003,153,12,0,12,0
2004,153,12,0,12,0
2005,153,20,0,12,0
2006,153,27,0,20,0
2007,153,33,0,27,0
2008,153,44,0,33,0
2009,153,68,0,44,0
2010,153,87,0,68,0
2011,153,126,0,87,0
2012,153,172,0,126,0
2013,153,219,0,172,0
2014,153,285,0,219,0
2015,153,335,0,285,0
2016,153,401,0,335,0
2017,153,406,0,401,0
2018,153,424,0,406,0
2019,153,475,0,424,0
2020,153,510,14000,475,0
2021,153,507,24000,510,14000
2022,153,610,90634,507,24000
2023,153,452,95000,610,90634
2024,153,504,84051,452,95000
2025,153,605,84000,504,84051
1970,154,150,0,0,0
1971,154,150,0,150,0
1972,154,140,0,150,0
1973,154,100,0,140,0
1974,154,70,0,100,0
1975,154,60,0,70,0
1976,154,50,0,60,0
1978,154,50,0,50,0
1980,154,471,0,50,0
1981,154,505,0,471,0
1982,154,775,0,505,0
1983,154,761,0,775,0
1984,154,994,0,761,0
1985,154,1655,0,994,0
1986,154,1102,0,1655,0
1987,154,1475,0,1102,0
1988,154,23266,0,1475,0
1989,154,23072,0,23266,0
1990,154,25632,0,23072,0
1991,154,21643,0,25632,0
1992,154,14518,0,21643,0
1993,154,13385,0,14518,0
1994,154,35934,0,13385,0
1995,154,19731,0,35934,0
1996,154,12868,0,19731,0
1997,154,7292,0,12868,0
1998,154,1880,0,7292,0
1999,154,1238,0,1880,0
2000,154,859,0,1238,0
2001,154,3187,0,859,0
2002,154,16713,0,3187,0
2003,154,15211,0,16713,0
2004,154,10683,0,15211,0
2005,154,19642,0,10683,0
2006,154,13508,0,19642,0
2007,154,2911,0,13508,0
2008,154,2385,0,2911,0
2009,154,2052,0,2385,0
2010,154,1758,0,2052,0
2011,154,1811,0,1758,0
2012,154,1638,0,1811,0
2013,154,1428,0,1638,0
2014,154,1306,0,1428,0
2015,154,1298,0,1306,0
2016,154,1159,0,1298,0
2017,154,1123,0,1159,0
2018,154,1085,0,1123,0
2019,154,961,0,1085,0
2020,154,910,0,961,0
2021,154,887,0,910,0
2022,154,971,0,887,0
2023,154,932,0,971,0
2024,154,1528,0,932,0
2025,154,1412,0,1528,0
1994,155,25,0,0,0
1995,155,23,0,25,0
1996,155,218,0,23,0
1997,155,213,0,218,0
1998,155,21,0,213,0
1999,155,16,0,21,0
2000,155,24,0,16,0
2001,155,14,0,24,0
2002,155,60,0,14,0
2003,155,54,0,60,0
2004,155,43,0,54,0
2005,155,74,0,43,0
2006,155,25,0,74,0
2007,155,29,0,25,0
2008,155,35,0,29,0
2009,155,30,0,35,0
2010,155,29,0,30,0
2011,155,29,0,29,0
2012,155,32,0,29,0
2013,155,27,0,32,0
2014,155,30,0,27,0
2015,155,28,0,30,0
2016,155,20,0,28,0
2017,155,16,0,20,0
2018,155,20,0,16,0
2019,155,25,0,20,0
2020,155,27,0,25,0
2021,155,26,0,27,0
2022,155,55,0,26,0
2023,155,45,0,55,0
2024,155,110,0,45,0
2025,155,38,0,110,0
1994,156,12,0,0,0
1995,156,12,0,12,0
1996,156,12,0,12,0
2023,156,0,0,12,0
2024,156,0,0,0,0
1994,157,49,0,0,0
1995,157,30,0,49,0
1996,157,17,0,30,0
1997,157,18,0,17,0
1998,157,21,0,18,0
1999,157,6,0,21,0
2000,157,0,0,6,0
2001,157,0,0,0,0
2002,157,10,0,0,0
2003,157,14,0,10,0
2004,157,10,0,14,0
2005,157,6,0,10,0
2006,157,48,0,6,0
2007,157,57,0,48,0
2008,157,69,0,57,0
2009,157,66,0,69,0
2010,157,109,0,66,0
2011,157,93,0,109,0
2012,157,123,0,93,0
2013,157,15,0,123,0
2014,157,23,0,15,0
2015,157,21,0,23,0
2016,157,25,0,21,0
2017,157,31,0,25,0
2018,157,30,0,31,0
2019,157,36,0,30,0
2020,157,33,0,36,0
2021,157,47,0,33,0
2022,157,40,0,47,0
2023,157,58,0,40,0
2024,157,65,0,58,0
2025,157,67,0,65,0
1970,158,100,0,0,0
1971,158,60,0,100,0
1972,158,90,0,60,0
1973,158,90,0,90,0
1974,158,70,0,90,0
1975,158,70,0,70,0
1978,158,60,0,70,0
1980,158,772,0,60,0
1981,158,854,0,772,0
1982,158,1157,0,854,0
1983,158,1211,0,1157,0
1984,158,962,0,1211,0
1985,158,2201,0,962,0
1986,158,1024,0,2201,0
1987,158,1890,0,1024,0
1988,158,20247,0,1890,0
1989,158,45978,0,20247,0
1990,158,51282,0,45978,0
1991,158,27177,0,51282,0
1992,158,25118,0,27177,0
1993,158,23566,0,25118,0
1994,158,22273,0,23566,0
1995,158,16977,0,22273,0
1996,158,11872,0,16977,0
1997,158,8955,0,11872,0
1998,158,10924,0,8955,0
1999,158,8560,0,10924,0
2000,158,7348,0,8560,0
2001,158,6052,0,7348,0
2002,158,8842,0,6052,0
2003,158,8384,0,8842,0
2004,158,6043,0,8384,0
2005,158,11495,0,6043,0
2006,158,7224,0,11495,0
2007,158,5299,0,7224,0
2008,158,4747,0,5299,0
2009,158,4350,0,4747,0
2010,158,3926,0,4350,0
2011,158,3422,0,3926,0
2012,158,2802,0,3422,0
2013,158,2331,0,2802,0
2014,158,1917,0,2331,0
2015,158,1731,0,1917,0
2016,158,1195,0,1731,0
2017,158,1210,0,1195,0
2018,158,1155,0,1210,0
2019,158,1352,0,1155,0
2020,158,1343,0,1352,0
2021,158,1417,0,1343,0
2022,158,3959,0,1417,0
2023,158,1825,0,3959,0
2024,158,2919,0,1825,0
2025,158,2115,0,2919,0
1966,159,390,0,0,0
1967,159,450,0,390,0
1968,159,740,0,450,0
1969,159,290,0,740,0
1970,159,460,0,290,0
1971,159,850,0,460,0
1972,159,790,0,850,0
1973,159,940,0,790,0
1974,159,1380,0,940,0
1975,159,1360,0,1380,0
1976,159,2180,0,1360,0
1977,159,2395,0,2180,0
1978,159,3840,0,2395,0
1979,159,7280,0,3840,0
1980,159,24250,0,7280,0
1981,159,24900,0,24250,0
1982,159,28430,0,24900,0
1983,159,34520,0,28430,0
1984,159,38560,0,34520,0
1985,159,38110,0,38560,0
1986,159,33220,0,38110,0
1987,159,26150,0,33220,0
1988,159,24906,0,26150,0
1989,159,17135,0,24906,0
1990,159,14781,0,17135,0
1991,159,11205,0,14781,0
1992,159,9241,0,11205,0
1993,159,9087,0,9241,0
1994,159,1514,0,9087,0
1995,159,492,0,1514,0
1996,159,286,0,492,0
1997,159,241,0,286,0
1998,159,184,0,241,0
1999,159,190,0,184,0
2000,159,168,0,190,0
2001,159,131,0,168,0
2002,159,271,0,131,0
2003,159,284,0,271,0
2004,159,261,0,284,0
2005,159,259,0,261,0
2006,159,501,0,259,0
2007,159,474,0,501,0
2008,159,449,0,474,0
2009,159,380,0,449,0
2010,159,374,0,380,0
2011,159,422,0,374,0
2012,159,413,0,422,0
2013,159,424,0,413,0
2014,159,422,0,424,0
2015,159,447,0,422,0
2016,159,452,0,447,0
2017,159,461,0,452,0
2018,159,482,0,461,0
2019,159,441,0,482,0
2020,159,474,0,441,0
2021,159,643,0,474,0
2022,159,784,0,643,0
2023,159,919,0,784,0
2024,159,1174,0,919,0
2025,159,1166,0,1174,0
1965,16,3000,0,0,0
1966,16,250,0,3000,0
1972,16,129000,0,250,0
1973,16,131895,0,129000,0
1974,16,120880,0,131895,0
1975,16,141940,0,120880,0
1976,16,152320,0,141940,0
1977,16,153550,0,152320,0
1978,16,148180,0,153550,0
1979,16,151680,0,148180,0
1980,16,169770,0,151680,0
1981,16,182950,0,169770,0
1982,16,176270,0,182950,0
1983,16,176550,0,176270,0
1984,16,182910,0,176550,0
1985,16,199810,0,182910,0
1986,16,210620,0,199810,0
1987,16,186910,0,210620,0
1988,16,190153,0,186910,0
1989,16,191441,0,190153,0
1990,16,191619,0,191441,0
1991,16,223942,0,191619,0
1992,16,184129,0,223942,0
1993,16,871376,0,184129,0
1994,16,389698,89900,871376,0
1995,16,350575,216400,389698,89900
1996,16,428680,882900,350575,216400
1997,16,519116,586083,428680,882900
1998,16,502555,100000,519116,586083
1999,16,527437,50000,502555,100000
2000,16,568070,56000,527437,50000
2001,16,553987,20000,568070,56000
2002,16,574552,100000,553987,20000
2003,16,531626,1970,574552,100000
2004,16,485748,855,531626,1970
2005,16,438690,11500,485748,855
2006,16,396533,13850,438690,11500
2007,16,375720,0,396533,13850
2008,16,281583,100000,375720,0
2009,16,94221,100000,281583,100000
2010,16,84053,157167,94221,100000
2011,16,101282,78796,84053,157167
2012,16,73354,78948,101282,78796
2013,16,72636,78948,73354,78948
2014,16,72477,78948,72636,78948
2015,16,292750,25000,72477,78948
2016,16,408066,141221,292750,25000
2017,16,439320,57258,408066,141221
2018,16,387839,31909,439320,57258
2019,16,380888,33256,387839,31909
2020,16,372939,21863,380888,33256
2021,16,323623,19176,372939,21863
2022,16,320693,8495,323623,19176
2023,16,319850,8177,320693,8495
2024,16,322462,6877,319850,8177
2025,16,324632,6930,322462,6877
1964,160,120,0,0,0
1966,160,17970,0,120,0
1970,160,170,0,17970,0
1971,160,160,0,170,0
1972,160,150,0,160,0
1973,160,110,0,150,0
1974,160,80,0,110,0
1975,160,70,0,80,0
1976,160,60,0,70,0
1977,160,50,0,60,0
1978,160,50,0,50,0
1980,160,10821,0,50,0
1981,160,11562,0,10821,0
1982,160,11569,0,11562,0
1983,160,11574,0,11569,0
1984,160,11577,0,11574,0
1985,160,11582,0,11577,0
1986,160,10226,0,11582,0
1987,160,8683,0,10226,0
1988,160,33636,0,8683,0
1989,160,68496,0,33636,0
1990,160,117736,0,68496,0
1991,160,155576,0,117736,0
1992,160,213802,0,155576,0
1993,160,243312,0,213802,0
1994,160,251394,90800,243312,0
1995,160,207027,128000,251394,90800
1996,160,173722,161312,207027,128000
1997,160,198055,337000,173722,161312
1998,160,172724,171871,198055,337000
1999,160,28319,498354,172724,171871
2000,160,40309,490650,28319,498354
2001,160,45154,443288,40309,490650
2002,160,91625,371195,45154,443288
2003,160,96414,368220,91625,371195
2004,160,108096,334796,96414,368220
2005,160,103037,170544,108096,334796
2006,160,159383,158905,103037,170544
2007,160,93218,189274,159383,158905
2008,160,103061,91505,93218,189274
2009,160,109452,79950,103061,91505
2010,160,111944,75371,109452,79950
2011,160,109783,28450,111944,75371
2012,160,110587,0,109783,28450
2013,160,74310,0,110587,0
2014,160,70552,0,74310,0
2015,160,67008,0,70552,0
2016,160,62759,0,67008,0
2017,160,61584,0,62759,0
2018,160,61457,0,61584,0
2019,160,62353,0,61457,0
2020,160,52742,0,62353,0
2021,160,68547,0,52742,0
2022,160,80093,0,68547,0
2023,160,86135,0,80093,0
2024,160,96869,0,86135,0
2025,160,97534,0,96869,0
1961,161,147000,0,0,0
1962,161,147000,0,147000,0
1963,161,154000,0,147000,0
1964,161,166300,0,154000,0
1965,161,155900,0,166300,0
1966,161,159600,0,155900,0
1967,161,160230,0,159600,0
1968,161,160100,0,160230,0
1969,161,144930,0,160100,0
1970,161,142050,0,144930,0
1971,161,141630,0,142050,0
1972,161,153650,0,141630,0
1973,161,163595,0,153650,0
1974,161,178260,0,163595,0
1975,161,175720,0,178260,0
1976,161,176410,0,175720,0
1977,161,169780,0,176410,0
1978,161,175110,0,169780,0
1979,161,176540,0,175110,0
1980,161,286650,0,176540,0
1981,161,277010,0,286650,0
1982,161,327950,0,277010,0
1983,161,321760,0,327950,0
1984,161,357110,0,321760,0
1985,161,376520,0,357110,0
1986,161,371910,0,376520,0
1987,161,353440,0,371910,0
1988,161,327540,0,353440,0
1989,161,319500,0,327540,0
1990,161,361317,0,319500,0
1991,161,431239,0,361317,0
1992,161,434731,0,431239,0
1993,161,450459,0,434731,0
1994,161,2257570,300000,450459,0
1995,161,1819367,0,2257570,300000
1996,161,469132,0,1819367,0
1997,161,67996,21877,469132,0
1998,161,77738,625000,67996,21877
1999,161,88934,0,77738,625000
2000,161,119051,0,88934,0
2001,161,84508,0,119051,0
2002,161,75251,0,84508,0
2003,161,75258,0,75251,0
2004,161,63792,0,75258,0
2005,161,100252,0,63792,0
2006,161,92956,0,100252,0
2007,161,80955,0,92956,0
2008,161,72529,0,80955,0
2009,161,129108,0,72529,0
2010,161,115519,0,129108,0
2011,161,106832,0,115519,0
2012,161,97357,0,106832,0
2013,161,83938,0,97357,0
2014,161,79379,0,83938,0
2015,161,286340,0,79379,0
2016,161,286044,0,286340,0
2017,161,258966,0,286044,0
2018,161,247441,0,258966,0
2019,161,246387,0,247441,0
2020,161,245752,0,246387,0
2021,161,248184,0,245752,0
2022,161,249716,0,248184,0
2023,161,249922,0,249716,0
2024,161,249062,0,249922,0
2025,161,246476,0,249062,0
1980,162,91630,0,0,0
1981,162,304810,0,91630,0
1982,162,242400,0,304810,0
1983,162,244600,0,242400,0
1984,162,243000,0,244600,0
1985,162,180605,0,243000,0
1986,162,171785,0,180605,0
1987,162,167605,0,171785,0
1988,162,166393,0,167605,0
1989,162,39582,0,166393,0
1990,162,30019,0,39582,0
1991,162,33048,0,30019,0
1992,162,30854,0,33048,0
1993,162,26125,0,30854,0
1994,162,30736,0,26125,0
1995,162,23534,0,30736,0
1996,162,19639,0,23534,0
1997,162,17124,0,19639,0
1998,162,12591,0,17124,0
1999,162,12408,0,12591,0
2000,162,7753,0,12408,0
2001,162,7147,0,7753,0
2002,162,6630,0,7147,0
2003,162,5658,0,6630,0
2004,162,4497,0,5658,0
2005,162,4283,0,4497,0
2006,162,6390,0,4283,0
2007,162,6026,0,6390,0
2008,162,5154,0,6026,0
2009,162,5053,0,5154,0
2010,162,4978,0,5053,0
2011,162,6725,0,4978,0
2012,162,8173,0,6725,0
2013,162,9634,0,8173,0
2014,162,10968,0,9634,0
2015,162,14778,0,10968,0
2016,162,19617,0,14778,0
2017,162,25876,71500,19617,0
2018,162,32562,71501,25876,71500
2019,162,41816,71500,32562,71501
2020,162,45640,71500,41816,71500
2021,162,52041,71500,45640,71500
2022,162,58621,71500,52041,71500
2023,162,68633,71500,58621,71500
2024,162,71765,71500,68633,71500
2025,162,72944,71500,71765,71500
1993,163,5,0,0,0
1994,163,180,0,5,0
1995,163,261,0,180,0
1996,163,244,0,261,0
1997,163,358,0,244,0
1998,163,362,0,358,0
1999,163,233,0,362,0
2000,163,77,0,233,0
2001,163,29,0,77,0
2002,163,104,0,29,0
2003,163,232,0,104,0
2004,163,212,0,232,0
2005,163,146,0,212,0
2006,163,609,0,146,0
2007,163,737,0,609,0
2008,163,700,0,737,0
2009,163,629,0,700,0
2010,163,659,0,629,0
2011,163,733,0,659,0
2012,163,811,0,733,0
2013,163,575,0,811,0
2014,163,616,0,575,0
2015,163,686,0,616,0
2016,163,937,0,686,0
2017,163,1219,0,937,0
2018,163,1492,0,1219,0
2019,163,1721,0,1492,0
2020,163,2003,0,1721,0
2021,163,2167,0,2003,0
2022,163,1942,0,2167,0
2023,163,2090,0,1942,0
2024,163,2332,0,2090,0
2025,163,2424,0,2332,0
1969,164,130,0,0,0
1970,164,150,0,130,0
1971,164,140,0,150,0
1972,164,130,0,140,0
1973,164,130,0,130,0
1974,164,120,0,130,0
1975,164,120,0,120,0
1978,164,4200,0,120,0
1980,164,270,0,4200,0
1981,164,214,0,270,0
1982,164,177,0,214,0
1983,164,157,0,177,0
1984,164,91,0,157,0
1985,164,91,0,91,0
1986,164,72,0,91,0
1987,164,42,0,72,0
1988,164,99,0,42,0
1989,164,96,0,99,0
1990,164,1745,0,96,0
1991,164,45826,0,1745,0
1992,164,90081,0,45826,0
1993,164,58255,0,90081,0
1994,164,54975,0,58255,0
1995,164,86116,490,54975,0
1996,164,103963,487,86116,490
1997,164,106649,470,103963,487
1998,164,115289,225000,106649,470
1999,164,172506,234900,115289,225000
2000,164,146749,267500,172506,234900
2001,164,144231,263600,146749,267500
2002,164,327582,261826,144231,263600
2003,164,296627,251833,327582,261826
2004,164,237015,248154,296627,251833
2005,164,189985,246391,237015,248154
2006,164,174022,227590,189985,246391
2007,164,165636,226350,174022,227590
2008,164,185930,225879,165636,226350
2009,164,195625,224881,185930,225879
2010,164,183284,228442,195625,224881
2011,164,161664,228215,183284,228442
2012,164,158903,227821,161664,228215
2013,164,48725,227495,158903,227821
2014,164,45730,223139,48725,227495
2015,164,38620,220002,45730,223139
2016,164,36928,219633,38620,220002
2017,164,33246,217453,36928,219633
2018,164,32368,215794,33246,217453
2019,164,31251,214696,32368,215794
2020,164,29976,213018,31251,214696
2021,164,31735,211823,29976,213018
2022,164,30677,210308,31735,211823
2023,164,29807,209790,30677,210308
2024,164,31438,209753,29807,209790
2025,164,30666,209704,31438,209753
1988,165,5,0,0,0
1989,165,15006,0,5,0
1990,165,60006,0,15006,0
1991,165,25137,0,60006,0
1992,165,15463,0,25137,0
1993,165,22594,0,15463,0
1994,165,25619,0,22594,0
1995,165,17587,0,25619,0
1996,165,17630,0,17587,0
1997,165,17163,0,17630,0
1998,165,9712,0,17163,0
1999,165,11598,0,9712,0
2000,165,11077,0,11598,0
2001,165,8554,0,11077,0
2002,165,12069,0,8554,0
2003,165,8347,0,12069,0
2004,165,8325,0,8347,0
2005,165,8662,0,8325,0
2006,165,15150,0,8662,0
2007,165,15886,0,15150,0
2008,165,16007,0,15886,0
2009,165,16306,0,16007,0
2010,165,16255,0,16306,0
2011,165,17710,0,16255,0
2012,165,18717,0,17710,0
2013,165,19815,0,18717,0
2014,165,23110,0,19815,0
2015,165,21267,0,23110,0
2016,165,23054,0,21267,0
2017,165,26584,0,23054,0
2018,165,18208,0,26584,0
2019,165,17208,0,18208,0
2020,165,13986,0,17208,0
2021,165,15129,0,13986,0
2022,165,13108,0,15129,0
2023,165,11924,0,13108,0
2024,165,12947,0,11924,0
2025,165,12992,0,12947,0
1988,166,49,0,0,0
1989,166,49,0,49,0
1990,166,58,0,49,0
1991,166,67,0,58,0
1992,166,52,0,67,0
1993,166,27,0,52,0
1994,166,553,0,27,0
1995,166,339,0,553,0
1996,166,138,0,339,0
1997,166,32,0,138,0
1998,166,38,0,32,0
1999,166,30,0,38,0
2000,166,25,0,30,0
2001,166,14,0,25,0
2002,166,43,0,14,0
2003,166,37,0,43,0
2004,166,47,0,37,0
2005,166,39,0,47,0
2006,166,61,0,39,0
2007,166,54,0,61,0
2008,166,51,0,54,0
2009,166,47,0,51,0
2010,166,47,0,47,0
2011,166,39,0,47,0
2012,166,30,0,39,0
2013,166,24,0,30,0
2014,166,23,0,24,0
2015,166,19,0,23,0
2016,166,10,0,19,0
2017,166,10,0,10,0
2018,166,15,0,10,0
2019,166,15,0,15,0
2020,166,10,0,15,0
2021,166,14,0,10,0
2022,166,9,0,14,0
2023,166,10,0,9,0
2024,166,10,0,10,0
2025,166,10,0,10,0
1988,168,8,0,0,0
1989,168,5,0,8,0
1994,168,8,0,5,0
1995,168,8,0,8,0
1996,168,18,0,8,0
1997,168,20,0,18,0
1998,168,21,0,20,0
1999,168,24,0,21,0
2000,168,21,0,24,0
2001,168,15,0,21,0
2002,168,40,0,15,0
2003,168,35,0,40,0
2004,168,36,0,35,0
2005,168,35,0,36,0
2006,168,108,0,35,0
2007,168,117,0,108,0
2008,168,106,0,117,0
2009,168,77,0,106,0
2010,168,74,0,77,0
2011,168,65,0,74,0
2012,168,64,0,65,0
2013,168,61,0,64,0
2014,168,55,0,61,0
2015,168,50,0,55,0
2016,168,38,0,50,0
2017,168,48,0,38,0
2018,168,46,0,48,0
2019,168,39,0,46,0
2020,168,37,0,39,0
2021,168,34,0,37,0
2022,168,33,0,34,0
2023,168,37,0,33,0
2024,168,45,0,37,0
2025,168,39,0,45,0
1988,169,8,0,0,0
1989,169,8,0,8,0
1990,169,8,0,8,0
1991,169,142614,0,8,0
1992,169,253591,0,142614,0
1993,169,311181,532000,253591,0
1994,169,275298,782000,311181,532000
1995,169,379491,654600,275298,782000
1996,169,375100,654600,379491,654600
1997,169,329322,670000,375100,654600
1998,169,406070,670000,329322,670000
1999,169,490047,500000,406070,670000
2000,169,402798,300000,490047,500000
2001,169,179092,0,402798,300000
2002,169,141468,0,179092,0
2003,169,70571,0,141468,0
2004,169,41797,0,70571,0
2005,169,40473,0,41797,0
2006,169,42849,0,40473,0
2007,169,32114,0,42849,0
2008,169,32517,0,32114,0
2009,169,15398,0,32517,0
2010,169,11261,0,15398,0
2011,169,7985,0,11261,0
2012,169,6191,0,7985,0
2013,169,5305,0,6191,0
2014,169,4988,0,5305,0
2015,169,4900,0,4988,0
2016,169,4678,0,4900,0
2017,169,4496,0,4678,0
2018,169,4846,0,4496,0
2019,169,5288,0,4846,0
2020,169,5734,0,5288,0
2021,169,6615,0,5734,0
2022,169,6939,0,6615,0
2023,169,7445,0,6939,0
2024,169,8042,0,7445,0
2025,169,8327,0,8042,0
1995,17,5,0,0,0
1996,17,5,0,5,0
1997,17,9,0,5,0
1998,17,14,0,9,0
1999,17,15,0,14,0
2000,17,20,0,15,0
2001,17,11,0,20,0
2002,17,21,0,11,0
2003,17,40,0,21,0
2004,17,41,0,40,0
2005,17,95,0,41,0
2006,17,63,0,95,0
2007,17,53,0,63,0
2008,17,58,0,53,0
2009,17,66,0,58,0
2010,17,80,0,66,0
2011,17,88,0,80,0
2012,17,91,0,88,0
2013,17,76,0,91,0
2014,17,76,0,76,0
2015,17,66,0,76,0
2016,17,44,0,66,0
2017,17,52,0,44,0
2018,17,50,0,52,0
2019,17,34,0,50,0
2020,17,28,0,34,0
2021,17,29,0,28,0
2022,17,28,0,29,0
2023,17,53,0,28,0
2024,17,93,0,53,0
2025,17,64,0,93,0
1998,170,5,0,0,0
1999,170,5,0,5,0
2000,170,5,0,5,0
2002,170,5,0,5,0
2005,170,0,0,5,0
1995,171,34,0,0,0
1996,171,34,0,34,0
1997,171,34,0,34,0
1998,171,34,0,34,0
1999,171,34,0,34,0
2000,171,34,0,34,0
2001,171,42,0,34,0
2002,171,55,0,42,0
2003,171,61,0,55,0
2004,171,61,0,61,0
2005,171,27,0,61,0
2006,171,37,0,27,0
2007,171,47,0,37,0
2008,171,51,0,47,0
2009,171,65,0,51,0
2010,171,75,0,65,0
2011,171,72,0,75,0
2012,171,60,0,72,0
2013,171,60,0,60,0
2014,171,70,0,60,0
2015,171,71,0,70,0
2016,171,71,0,71,0
2017,171,57,0,71,0
2018,171,33,0,57,0
2019,171,34,0,33,0
2020,171,37,0,34,0
2021,171,38,1000,37,0
2022,171,44,1000,38,1000
2023,171,36,1000,44,1000
2024,171,44,11,36,1000
2025,171,53,11,44,11
1975,172,110,0,0,0
1976,172,50,0,110,0
1977,172,60,0,50,0
1978,172,90,0,60,0
1979,172,90,0,90,0
1980,172,134,0,90,0
1981,172,34,0,134,0
1982,172,118,0,34,0
1983,172,39,0,118,0
1984,172,639,0,39,0
1985,172,1830,0,639,0
1986,172,3142,0,1830,0
1987,172,60162,0,3142,0
1988,172,351993,0,60162,0
1989,172,360309,0,351993,0
1990,172,470174,0,360309,0
1991,172,732596,0,470174,0
1992,172,812196,0,732596,0
1993,172,574612,0,812196,0
1994,172,631420,0,574612,0
1995,172,638695,0,631420,0
1996,172,636984,200000,638695,0
1997,172,608086,200000,636984,200000
1998,172,557953,1603,608086,200000
1999,172,524604,0,557953,1603
2000,172,475644,18000,524604,0
2001,172,440120,0,475644,18000
2002,172,432304,0,440120,0
2003,172,402329,0,432304,0
2004,172,389282,0,402329,0
2005,172,395518,400000,389282,0
2006,172,463996,400000,395518,400000
2007,172,457325,1000000,463996,400000
2008,172,561128,1277200,457325,1000000
2009,172,678284,1550000,561128,1277200
2010,172,770101,1463780,678284,1550000
2011,172,1076998,1356845,770101,1463780
2012,172,1136688,1132963,1076998,1356845
2013,172,1121738,1133000,1136688,1132963
2014,172,1106388,1133000,1121738,1133000
2015,172,1123101,1133000,1106388,1133000
2016,172,1012293,1562554,1123101,1133000
2017,172,986365,2116705,1012293,1562554
2018,172,949615,2648001,986365,2116705
2019,172,901574,2648000,949615,2648001
2020,172,812321,2967500,901574,2648000
2021,172,776642,2967500,812321,2967500
2022,172,786762,2967500,776642,2967500
2023,172,842015,3860099,786762,2967500
2024,172,894095,3861643,842015,3860099
2025,172,903861,3499201,894095,3861643
1970,173,680,0,0,0
1971,173,670,0,680,0
1972,173,650,0,670,0
1973,173,390,0,650,0
1974,173,210,0,390,0
1975,173,140,0,210,0
1976,173,510,0,140,0
1980,173,5,0,510,0
1981,173,5,0,5,0
1982,173,50,0,5,0
1983,173,600,0,50,0
1984,173,60,0,600,0
1985,173,60,0,60,0
1987,173,60,0,60,0
1994,173,42,0,60,0
1995,173,36,0,42,0
1996,173,217,0,36,0
1997,173,214,0,217,0
1998,173,57,0,214,0
1999,173,49,0,57,0
2000,173,75,0,49,0
2001,173,45,0,75,0
2002,173,58,0,45,0
2003,173,51,0,58,0
2004,173,53,0,51,0
2005,173,49,0,53,0
2006,173,2442,0,49,0
2007,173,37,0,2442,0
2008,173,26,0,37,0
2009,173,34,0,26,0
2010,173,41,0,34,0
2011,173,42,0,41,0
2012,173,55,0,42,0
2013,173,56,0,55,0
2014,173,60,0,56,0
2015,173,60,0,60,0
2016,173,34,0,60,0
2017,173,39,0,34,0
2018,173,46,0,39,0
2019,173,51,0,46,0
2020,173,52,0,51,0
2021,173,55,0,52,0
2022,173,62,0,55,0
2023,173,56,0,62,0
2024,173,174,0,56,0
2025,173,95,0,174,0
1964,174,10000,0,0,0
1965,174,15000,0,10000,0
1966,174,17000,0,15000,0
1967,174,20000,0,17000,0
1968,174,22000,0,20000,0
1969,174,22000,0,22000,0
1970,174,20000,0,22000,0
1975,174,2110,0,20000,0
1976,174,4000,0,2110,0
1977,174,14380,0,4000,0
1978,174,68500,0,14380,0
1979,174,338100,760,68500,0
1980,174,319938,6450,338100,760
1981,174,297808,1520,319938,6450
1982,174,311753,0,297808,1520
1983,174,314829,0,311753,0
1984,174,315465,0,314829,0
1985,174,316517,0,315465,0
1986,174,318068,0,316517,0
1987,174,315687,0,318068,0
1988,174,439939,0,315687,0
1989,174,456514,874,439939,0
1990,174,487663,5462,456514,874
1991,174,493798,7666,487663,5462
1992,174,514496,12333,493798,7666
1993,174,525769,12301,514496,12333
1994,174,537388,5939,525769,12301
1995,174,542049,1673,537388,5939
1996,174,516990,14622,542049,1673
1997,174,475582,4512,516990,14622
1998,174,434415,54,475582,4512
1999,174,404410,71,434415,54
2000,174,369778,11,404410,71
2001,174,351870,0,369778,11
2002,174,372350,0,351870,0
2003,174,361360,0,372350,0
2004,174,347979,0,361360,0
2005,174,356440,0,347979,0
2006,174,372449,0,356440,0
2007,174,327763,0,372449,0
2008,174,328168,0,327763,0
2009,174,339292,0,328168,0
2010,174,338700,0,339292,0
2011,174,337821,0,338700,0
2012,174,336929,0,337821,0
2013,174,314102,0,336929,0
2014,174,313412,0,314102,0
2015,174,313152,0,313412,0
2016,174,329341,0,313152,0
2017,174,334064,0,329341,0
2018,174,334464,0,334064,0
2019,174,316441,0,334464,0
2020,174,316728,0,316441,0
2021,174,317737,0,316728,0
2022,174,17507,0,317737,0
2023,174,18339,0,17507,0
2024,174,19961,0,18339,0
2025,174,19892,0,19961,0
2000,175,0,0,0,0
2002,175,0,0,0,0
2003,175,0,0,0,0
2005,175,31,0,0,0
2006,175,0,0,31,0
2007,175,0,0,0,0
2008,175,0,0,0,0
2009,175,0,0,0,0
2010,175,10,0,0,0
2011,175,7,0,10,0
2012,175,10,0,7,0
2013,175,12,0,10,0
2014,175,20,0,12,0
2015,175,25,0,20,0
2016,175,49,0,25,0
2017,175,51,0,49,0
2018,175,58,0,51,0
2019,175,57,0,58,0
2020,175,54,0,57,0
2021,175,47,0,54,0
2022,175,22,0,47,0
2023,175,21,0,22,0
2024,175,27,0,21,0
2025,175,28,0,27,0
1985,176,50,0,0,0
1994,176,28,0,50,0
1995,176,32,0,28,0
1996,176,47,0,32,0
1997,176,42,0,47,0
1998,176,39,0,42,0
1999,176,29,0,39,0
2000,176,23,0,29,0
2001,176,21,0,23,0
2002,176,41,0,21,0
2003,176,41,0,41,0
2004,176,36,0,41,0
2005,176,23,0,36,0
2006,176,30,0,23,0
2007,176,32,0,30,0
2008,176,32,0,32,0
2009,176,32,0,32,0
2010,176,32,0,32,0
2011,176,32,0,32,0
2012,176,31,0,32,0
2013,176,31,0,31,0
2014,176,24,0,31,0
2015,176,24,0,24,0
2016,176,31,0,24,0
2017,176,31,0,31,0
2018,176,31,0,31,0
2019,176,28,0,31,0
2020,176,28,0,28,0
2021,176,6,0,28,0
2022,176,11,0,6,0
2023,176,11,0,11,0
2024,176,5,0,11,0
2025,176,8,0,5,0
1963,177,13000,0,0,0
1964,177,20300,0,13000,0
1965,177,81560,0,20300,0
1966,177,115000,0,81560,0
1967,177,120990,0,115000,0
1968,177,175500,0,120990,0
1969,177,170400,0,175500,0
1970,177,172960,0,170400,0
1971,177,171330,0,172960,0
1972,177,128450,0,171330,0
1973,177,13050,0,128450,0
1974,177,11770,0,13050,0
1975,177,11000,0,11770,0
1976,177,10600,0,11000,0
1977,177,10850,0,10600,0
1978,177,10850,0,10850,0
1979,177,10850,0,10850,0
1980,177,10850,0,10850,0
1981,177,5350,0,10850,0
1982,177,5350,0,5350,0
1983,177,31000,0,5350,0
1984,177,180060,0,31000,0
1985,177,180855,0,180060,0
1986,177,132759,0,180855,0
1987,177,253166,0,132759,0
1988,177,347309,0,253166,0
1989,177,438899,0,347309,0
1990,177,523996,0,438899,0
1991,177,196242,0,523996,0
1992,177,267767,0,196242,0
1993,177,393868,0,267767,0
1994,177,405129,0,393868,0
1995,177,445277,0,405129,0
1996,177,475302,0,445277,0
1997,177,364571,0,475302,0
1998,177,390001,0,364571,0
1999,177,485449,0,390001,0
2000,177,494351,0,485449,0
2001,177,489923,0,494351,0
2002,177,508863,0,489923,0
2003,177,606230,0,508863,0
2004,177,730631,662302,606230,0
2005,177,693621,841946,730631,662302
2006,177,686296,1325235,693621,841946
2007,177,523029,1250000,686296,1325235
2008,177,419249,1201040,523029,1250000
2009,177,368178,1034140,419249,1201040
2010,177,387265,1624100,368178,1034140
2011,177,500004,2422520,387265,1624100
2012,177,568934,1873300,500004,2422520
2013,177,648936,1873300,568934,1873300
2014,177,665956,2192830,648936,1873300
2015,177,627080,3218234,665956,2192830
2016,177,650391,2225557,627080,3218234
2017,177,694556,1997022,650391,2225557
2018,177,724787,1864195,694556,1997022
2019,177,734775,1885782,724787,1864195
2020,177,787818,2552174,734775,1885782
2021,177,825285,3036590,787818,2552174
2022,177,837183,3552717,825285,3036590
2023,177,1496918,9052822,837183,3552717
2024,177,2094368,11559970,1496918,9052822
2025,177,2466226,10065329,2094368,11559970
1989,178,6601,0,0,0
1990,178,6620,0,6601,0
1991,178,5921,0,6620,0
1992,178,2545,0,5921,0
1993,178,894,0,2545,0
1994,178,915,0,894,0
1995,178,817,0,915,0
1996,178,754,0,817,0
1997,178,663,0,754,0
1998,178,491,0,663,0
1999,178,413,0,491,0
2000,178,334,0,413,0
2001,178,239,0,334,0
2002,178,101,0,239,0
2003,178,67,0,101,0
2004,178,47,0,67,0
2005,178,26,0,47,0
2006,178,65,0,26,0
2007,178,62,0,65,0
2008,178,50,0,62,0
2009,178,44,0,50,0
2010,178,24,0,44,0
2011,178,22,0,24,0
2012,178,14,0,22,0
2013,178,17,0,14,0
2014,178,17,0,17,0
2015,178,19,0,17,0
2016,178,16,0,19,0
2017,178,17,0,16,0
2018,178,22,0,17,0
2019,178,17,0,22,0
2020,178,17,0,17,0
2021,178,22,0,17,0
2022,178,35,0,22,0
2023,178,42,0,35,0
2024,178,50,0,42,0
2025,178,44,0,50,0
2011,179,0,560161,0,0
2012,179,87007,345670,0,560161
2013,179,114468,331097,87007,345670
2014,179,616206,1645392,114468,331097
2015,179,778722,1790427,616206,1645392
2016,179,1436707,1853924,778722,1790427
2017,179,2439888,1903953,1436707,1853924
2018,179,2285301,1878154,2439888,1903953
2019,179,2234805,1665815,2285301,1878154
2020,179,2188785,1600254,2234805,1665815
2021,179,2362759,2017236,2188785,1600254
2022,179,2295082,1474679,2362759,2017236
2023,179,2292482,1236672,2295082,1474679
2024,179,2290622,944631,2292482,1236672
2025,179,2382692,818352,2290622,944631
1976,18,100,0,0,0
1978,18,200,0,100,0
1979,18,200,0,200,0
1986,18,50,0,200,0
1987,18,50,0,50,0
1988,18,50,0,50,0
1989,18,60,0,50,0
1993,18,62,0,60,0
1994,18,72,0,62,0
1995,18,50,0,72,0
1996,18,42,0,50,0
1997,18,41,0,42,0
1998,18,45,0,41,0
1999,18,44,0,45,0
2000,18,47,0,44,0
2001,18,52,0,47,0
2002,18,228,0,52,0
2003,18,274,0,228,0
2004,18,299,0,274,0
2005,18,402,0,299,0
2006,18,207,0,402,0
2007,18,265,0,207,0
2008,18,315,0,265,0
2009,18,409,0,315,0
2010,18,438,0,409,0
2011,18,460,0,438,0
2012,18,451,0,460,0
2013,18,294,0,451,0
2014,18,330,0,294,0
2015,18,400,0,330,0
2016,18,479,0,400,0
2017,18,572,0,479,0
2018,18,659,0,572,0
2019,18,721,0,659,0
2020,18,606,0,721,0
2021,18,730,0,606,0
2022,18,811,0,730,0
2023,18,905,8785,811,0
2024,18,1064,8785,905,8785
2025,18,1126,12501,1064,8785
1994,180,12,0,0,0
1995,180,24,0,12,0
1996,180,57,0,24,0
1997,180,69,0,57,0
1998,180,143,0,69,0
1999,180,178,0,143,0
2000,180,216,0,178,0
2001,180,189,0,216,0
2002,180,596,0,189,0
2003,180,668,0,596,0
2004,180,618,0,668,0
2005,180,787,0,618,0
2006,180,741,0,787,0
2007,180,346,0,741,0
2008,180,333,0,346,0
2009,180,336,0,333,0
2010,180,157,0,336,0
2011,180,271,0,157,0
2012,180,231,0,271,0
2013,180,321,0,231,0
2014,180,316,0,321,0
2015,180,325,0,316,0
2016,180,792,0,325,0
2017,180,913,0,792,0
2018,180,1218,0,913,0
2019,180,1343,0,1218,0
2020,180,1368,0,1343,0
2021,180,1426,0,1368,0
2022,180,569,0,1426,0
2023,180,628,0,569,0
2024,180,664,0,628,0
2025,180,637,0,664,0
1993,181,28429,0,0,0
1994,181,14829,0,28429,0
1995,181,12858,0,14829,0
1996,181,3369,0,12858,0
1997,181,3414,0,3369,0
1998,181,3299,0,3414,0
1999,181,3293,0,3299,0
2000,181,3278,0,3293,0
2001,181,762,0,3278,0
2002,181,853,0,762,0
2003,181,608,0,853,0
2004,181,580,0,608,0
2005,181,154,0,580,0
2006,181,1757,0,154,0
2007,181,47,0,1757,0
2008,181,49,0,47,0
2009,181,35,0,49,0
2010,181,35,0,35,0
2011,181,30,0,35,0
2012,181,32,0,30,0
2013,181,27,0,32,0
2014,181,25,0,27,0
2015,181,21,0,25,0
2016,181,20,0,21,0
2017,181,17,0,20,0
2018,181,19,0,17,0
2019,181,19,0,19,0
2020,181,17,0,19,0
2021,181,17,0,17,0
2022,181,7,0,17,0
2023,181,7,0,7,0
2024,181,17,0,7,0
2025,181,22,0,17,0
1994,182,11,0,0,0
1995,182,15,0,11,0
1996,182,16,0,15,0
1997,182,17,0,16,0
1998,182,29,0,17,0
1999,182,27,0,29,0
2000,182,16,0,27,0
2001,182,15,0,16,0
2002,182,20,0,15,0
2003,182,0,0,20,0
2004,182,6,0,0,0
2005,182,12,0,6,0
2006,182,16,0,12,0
2007,182,21,0,16,0
2008,182,28,0,21,0
2009,182,28,0,28,0
2010,182,32,0,28,0
2011,182,39,0,32,0
2012,182,59,0,39,0
2013,182,103,0,59,0
2014,182,151,0,103,0
2015,182,213,0,151,0
2016,182,224,0,213,0
2017,182,231,0,224,0
2018,182,237,0,231,0
2019,182,224,0,237,0
2020,182,198,0,224,0
2021,182,165,0,198,0
2022,182,127,0,165,0
2023,182,128,0,127,0
2024,182,150,0,128,0
2025,182,162,0,150,0
1994,183,11,0,0,0
1995,183,25,0,11,0
1996,183,37,0,25,0
1997,183,39,0,37,0
1998,183,39,0,39,0
1999,183,30,0,39,0
2000,183,17,0,30,0
2001,183,5,0,17,0
2002,183,27,0,5,0
2003,183,35,0,27,0
2004,183,30,0,35,0
2005,183,75,0,30,0
2006,183,16,0,75,0
2007,183,17,0,16,0
2008,183,16,0,17,0
2009,183,15,0,16,0
2010,183,23,0,15,0
2011,183,23,0,23,0
2012,183,21,0,23,0
2013,183,18,0,21,0
2014,183,18,0,18,0
2015,183,18,0,18,0
2016,183,13,0,18,0
2017,183,14,0,13,0
2018,183,16,0,14,0
2019,183,13,0,16,0
2020,183,8,0,13,0
2021,183,9,0,8,0
2022,183,23,0,9,0
2023,183,23,0,23,0
2024,183,98,0,23,0
2025,183,82,0,98,0
1994,184,8,0,0,0
1995,184,27,0,8,0
1996,184,32,0,27,0
1997,184,54,0,32,0
1998,184,76,0,54,0
1999,184,90,0,76,0
2000,184,69,0,90,0
2001,184,60,0,69,0
2002,184,55,0,60,0
2003,184,34,0,55,0
2004,184,11,0,34,0
2005,184,14,0,11,0
2006,184,38,0,14,0
2007,184,33,0,38,0
2008,184,32,0,33,0
2009,184,19,0,32,0
2010,184,20,0,19,0
2011,184,20,0,20,0
2012,184,16,0,20,0
2013,184,11,0,16,0
2014,184,16,0,11,0
2015,184,16,0,16,0
2016,184,5,0,16,0
2017,184,5,0,5,0
2018,184,5,0,5,0
2019,184,5,0,5,0
2020,184,5,0,5,0
2021,184,0,0,5,0
2022,184,8,0,0,0
2023,184,0,0,8,0
2024,184,5,0,0,0
2025,184,11,0,5,0
1968,185,1200,0,0,0
1969,185,1200,0,1200,0
1979,185,500,0,1200,0
1980,185,500,0,500,0
1981,185,505,0,500,0
1982,185,505,0,505,0
1983,185,526,0,505,0
1984,185,529,0,526,0
1985,185,2599,0,529,0
1986,185,534,0,2599,0
1987,185,20,0,534,0
1988,185,881,0,20,0
1989,185,397,0,881,0
1990,185,2148,0,397,0
1991,185,3037,0,2148,0
1992,185,4408,0,3037,0
1993,185,5412,0,4408,0
1994,185,7087,0,5412,0
1995,185,7995,0,7087,0
1996,185,8611,0,7995,0
1997,185,8653,0,8611,0
1998,185,8132,0,8653,0
1999,185,6693,0,8132,0
2000,185,5868,0,6693,0
2001,185,4861,0,5868,0
2002,185,18908,0,4861,0
2003,185,20816,0,18908,0
2004,185,21430,0,20816,0
2005,185,16395,0,21430,0
2006,185,12327,0,16395,0
2007,185,13684,0,12327,0
2008,185,15206,0,13684,0
2009,185,17915,0,15206,0
2010,185,18451,0,17915,0
2011,185,19931,0,18451,0
2012,185,729011,2016500,19931,0
2013,185,2468323,6520800,729011,2016500
2014,185,3887490,7632500,2468323,6520800
2015,185,4873236,6563462,3887490,7632500
2016,185,5524511,6325978,4873236,6563462
2017,185,6310498,6150005,5524511,6325978
2018,185,6654374,6183920,6310498,6150005
2019,185,6615249,6146994,6654374,6183920
2020,185,6702910,6701972,6615249,6146994
2021,185,6848865,6865308,6702910,6701972
2022,185,6559736,6780994,6848865,6865308
2023,185,6355788,7248188,6559736,6780994
2024,185,5952174,7408909,6355788,7248188
2025,185,5484575,6468575,5952174,7408909
1974,186,320,0,0,0
1976,186,90,0,320,0
1977,186,300,0,90,0
1978,186,300,0,300,0
1979,186,600,0,300,0
1980,186,300,0,600,0
1981,186,3000,0,300,0
1982,186,500,0,3000,0
1983,186,500,0,500,0
1984,186,500,0,500,0
1987,186,2000,0,500,0
1988,186,5,0,2000,0
1989,186,10,0,5,0
1990,186,10,0,10,0
1991,186,13,0,10,0
1992,186,19,0,13,0
1993,186,32,0,19,0
1994,186,62,0,32,0
1995,186,69,0,62,0
1996,186,66,0,69,0
1997,186,59,0,66,0
1998,186,95,0,59,0
1999,186,117,0,95,0
2000,186,310,0,117,0
2001,186,369,0,310,0
2002,186,578,0,369,0
2003,186,703,0,578,0
2004,186,982,0,703,0
2005,186,1542,0,982,0
2006,186,1665,0,1542,0
2007,186,1250,0,1665,0
2008,186,1262,0,1250,0
2009,186,1191,0,1262,0
2010,186,1135,0,1191,0
2011,186,1154,0,1135,0
2012,186,1109,0,1154,0
2013,186,1033,0,1109,0
2014,186,843,0,1033,0
2015,186,810,0,843,0
2016,186,579,0,810,0
2017,186,655,0,579,0
2018,186,723,0,655,0
2019,186,695,0,723,0
2020,186,689,0,695,0
2021,186,752,0,689,0
2022,186,790,0,752,0
2023,186,935,0,790,0
2024,186,1259,0,935,0
2025,186,1355,0,1259,0
2002,187,0,0,0,0
2003,187,0,0,0,0
2011,187,14,0,0,0
2012,187,14,0,14,0
2013,187,15,0,14,0
2014,187,15,0,15,0
2015,187,14,0,15,0
2016,187,14,0,14,0
2017,187,14,0,14,0
2018,187,14,0,14,0
2019,187,14,0,14,0
2020,187,14,0,14,0
2021,187,14,0,14,0
2022,187,19,0,14,0
2023,187,19,0,19,0
2024,187,14,0,19,0
2025,187,14,0,14,0
1990,188,18,0,0,0
1991,188,29,0,18,0
1992,188,33,0,29,0
1993,188,33,0,33,0
1994,188,135,0,33,0
1995,188,209,0,135,0
1996,188,282,0,209,0
1997,188,268,0,282,0
1998,188,290,0,268,0
1999,188,315,0,290,0
2000,188,213,0,315,0
2001,188,90,0,213,0
2002,188,342,0,90,0
2003,188,295,0,342,0
2004,188,320,0,295,0
2005,188,424,0,320,0
2006,188,3323,0,424,0
2007,188,2322,0,3323,0
2008,188,1811,0,2322,0
2009,188,498,0,1811,0
2010,188,351,0,498,0
2011,188,365,0,351,0
2012,188,378,0,365,0
2013,188,220,0,378,0
2014,188,223,0,220,0
2015,188,209,0,223,0
2016,188,147,0,209,0
2017,188,164,0,147,0
2018,188,183,0,164,0
2019,188,173,0,183,0
2020,188,174,0,173,0
2021,188,181,0,174,0
2022,188,210,0,181,0
2023,188,222,0,210,0
2024,188,300,0,222,0
2025,188,311,0,300,0
1992,189,60008,0,0,0
1993,189,70108,520000,60008,0
1994,189,57143,16000,70108,520000
1995,189,58960,16700,57143,16000
1996,189,107508,25285,58960,16700
1997,189,75880,0,107508,25285
1998,189,56350,0,75880,0
1999,189,45166,0,56350,0
2000,189,59937,0,45166,0
2001,189,56107,0,59937,0
2002,189,63264,0,56107,0
2003,189,58935,0,63264,0
2004,189,56776,0,58935,0
2005,189,54753,0,56776,0
2006,189,646,0,54753,0
2007,189,887,0,646,0
2008,189,541,0,887,0
2009,189,556,0,541,0
2010,189,573,0,556,0
2011,189,604,0,573,0
2012,189,669,0,604,0
2013,189,657,0,669,0
2014,189,722,0,657,0
2015,189,790,0,722,0
2016,189,932,0,790,0
2017,189,1369,0,932,0
2018,189,1695,0,1369,0
2019,189,1987,0,1695,0
2020,189,2219,0,1987,0
2021,189,2412,0,2219,0
2022,189,2951,0,2412,0
2023,189,3720,0,2951,0
2024,189,4045,0,3720,0
2025,189,4169,0,4045,0
2005,19,0,0,0,0
2011,19,0,0,0,0
2012,19,0,0,0,0
2023,19,5,0,0,0
2024,19,5,0,5,0
2025,19,5,0,5,0
1994,190,7,0,0,0
1995,190,45,0,7,0
1996,190,2936,0,45,0
1997,190,3179,0,2936,0
1998,190,1562,0,3179,0
1999,190,1051,0,1562,0
2000,190,299,0,1051,0
2001,190,305,0,299,0
2002,190,797,0,305,0
2003,190,836,0,797,0
2004,190,815,0,836,0
2005,190,818,0,815,0
2006,190,689,0,818,0
2007,190,667,0,689,0
2008,190,735,0,667,0
2009,190,734,0,735,0
2010,190,723,0,734,0
2011,190,711,0,723,0
2012,190,708,0,711,0
2013,190,502,0,708,0
2014,190,470,0,502,0
2015,190,446,0,470,0
2016,190,371,0,446,0
2017,190,365,0,371,0
2018,190,457,0,365,0
2019,190,478,0,457,0
2020,190,498,0,478,0
2021,190,563,0,498,0
2022,190,2240,0,563,0
2023,190,1848,0,2240,0
2024,190,2580,0,1848,0
2025,190,2724,0,2580,0
1999,191,162472,0,0,0
2000,191,122202,0,162472,0
2001,191,73042,0,122202,0
2002,191,28097,0,73042,0
2003,191,127,0,28097,0
2004,191,221,0,127,0
2005,191,251,0,221,0
2006,191,251,155231,251,0
2007,191,6,62625,251,155231
2008,191,7,15860,6,62625
2009,191,7,0,7,15860
2010,191,8,0,7,0
2011,191,8,0,8,0
2012,191,8,0,8,0
2013,191,8,0,8,0
2014,191,13,0,8,0
2015,191,19,0,13,0
2016,191,19,0,19,0
2017,191,13,0,19,0
2018,191,12,0,13,0
2019,191,17,0,12,0
2020,191,11,0,17,0
2021,191,11,0,11,0
2022,191,6,0,11,0
2023,191,0,0,6,0
2024,191,5,0,0,0
2025,191,16,0,5,0
1985,192,5,0,0,0
1986,192,5,0,5,0
1987,192,5,0,5,0
1988,192,5,0,5,0
1989,192,5,0,5,0
1990,192,5,0,5,0
1991,192,17,0,5,0
1992,192,105,0,17,0
1993,192,291055,0,105,0
1994,192,167866,0,291055,0
1995,192,93152,0,167866,0
1996,192,25587,0,93152,0
1997,192,7182,0,25587,0
1998,192,3500,0,7182,0
1999,192,3695,0,3500,0
2000,192,4022,0,3695,0
2001,192,4356,0,4022,0
2002,192,10441,0,4356,0
2003,192,10609,0,10441,0
2004,192,10818,0,10609,0
2005,192,51087,3000,10818,0
2006,192,27318,0,51087,3000
2007,192,22481,0,27318,0
2008,192,16734,0,22481,0
2009,192,18363,0,16734,0
2010,192,18308,0,18363,0
2011,192,17853,0,18308,0
2012,192,15683,0,17853,0
2013,192,10301,0,15683,0
2014,192,9271,0,10301,0
2015,192,8774,0,9271,0
2016,192,8296,0,8774,0
2017,192,8115,0,8296,0
2018,192,8029,0,8115,0
2019,192,8034,0,8029,0
2020,192,7704,0,8034,0
2021,192,7985,0,7704,0
2022,192,7871,0,7985,0
2023,192,7955,9680,7871,0
2024,192,12685,9680,7955,9680
2025,192,12565,10171,12685,9680
1996,193,5,0,0,0
1997,193,5,0,5,0
2000,193,5,0,5,0
2001,193,0,0,5,0
2002,193,7,0,0,0
2003,193,11,0,7,0
2004,193,5,0,11,0
2005,193,0,0,5,0
2006,193,5,0,0,0
2007,193,0,0,5,0
2008,193,5,0,0,0
2009,193,5,0,5,0
2010,193,5,0,5,0
2011,193,7,0,5,0
2012,193,11,0,7,0
2013,193,16,0,11,0
2014,193,19,0,16,0
2015,193,22,0,19,0
2016,193,25,0,22,0
2017,193,34,0,25,0
2018,193,32,0,34,0
2019,193,32,0,32,0
2020,193,31,0,32,0
2021,193,28,0,31,0
2022,193,30,0,28,0
2023,193,41,0,30,0
2024,193,42,0,41,0
2025,193,61,0,42,0
1994,194,12,0,0,0
1995,194,12,0,12,0
1996,194,17,0,12,0
1997,194,20,0,17,0
1998,194,25,0,20,0
1999,194,24,0,25,0
2000,194,24,0,24,0
2001,194,16,0,24,0
2002,194,35,0,16,0
2003,194,39,0,35,0
2004,194,38,0,39,0
2005,194,61,0,38,0
2006,194,151,0,61,0
2007,194,210,0,151,0
2008,194,228,0,210,0
2009,194,239,0,228,0
2010,194,252,0,239,0
2011,194,296,0,252,0
2012,194,335,0,296,0
2013,194,336,0,335,0
2014,194,371,0,336,0
2015,194,369,0,371,0
2016,194,295,0,369,0
2017,194,310,0,295,0
2018,194,323,0,310,0
2019,194,307,0,323,0
2020,194,295,0,307,0
2021,194,285,0,295,0
2022,194,296,0,285,0
2023,194,351,0,296,0
2024,194,474,0,351,0
2025,194,485,0,474,0
1983,195,5,0,0,0
1984,195,6,0,5,0
1985,195,6,0,6,0
1986,195,6,0,6,0
1987,195,6,0,6,0
1988,195,7,0,6,0
1989,195,7,0,7,0
1990,195,40,0,7,0
1991,195,61,0,40,0
1992,195,88,0,61,0
1993,195,106,0,88,0
1994,195,208,0,106,0
1995,195,327,0,208,0
1996,195,410,0,327,0
1997,195,703,0,410,0
1998,195,931,0,703,0
1999,195,1236,0,931,0
2000,195,1205,0,1236,0
2001,195,1364,0,1205,0
2002,195,2543,0,1364,0
2003,195,2562,0,2543,0
2004,195,2511,0,2562,0
2005,195,3120,0,2511,0
2006,195,2835,0,3120,0
2007,195,2488,0,2835,0
2008,195,2334,0,2488,0
2009,195,2237,0,2334,0
2010,195,2159,0,2237,0
2011,195,1930,0,2159,0
2012,195,1918,0,1930,0
2013,195,1359,0,1918,0
2014,195,1476,0,1359,0
2015,195,1554,0,1476,0
2016,195,1687,0,1554,0
2017,195,1826,0,1687,0
2018,195,1985,0,1826,0
2019,195,2068,0,1985,0
2020,195,1636,0,2068,0
2021,195,2201,0,1636,0
2022,195,2691,0,2201,0
2023,195,2800,0,2691,0
2024,195,3593,0,2800,0
2025,195,3589,0,3593,0
1972,196,250,0,0,0
1977,196,70,0,250,0
1978,196,60,0,70,0
1979,196,60,0,60,0
1982,196,300,0,60,0
1983,196,540,0,300,0
1984,196,1040,0,540,0
1985,196,810,0,1040,0
1986,196,850,0,810,0
1987,196,1085,0,850,0
1988,196,150,0,1085,0
1989,196,2764,0,150,0
1990,196,5508,0,2764,0
1991,196,6452,0,5508,0
1992,196,10089,0,6452,0
1993,196,16767,0,10089,0
1994,196,28872,0,16767,0
1995,196,44866,0,28872,0
1996,196,50355,0,44866,0
1997,196,47339,0,50355,0
1998,196,45019,0,47339,0
1999,196,44012,0,45019,0
2000,196,47154,0,44012,0
2001,196,47085,0,47154,0
2002,196,193697,0,47085,0
2003,196,185086,0,193697,0
2004,196,174572,0,185086,0
2005,196,170557,0,174572,0
2006,196,227236,0,170557,0
2007,196,221937,0,227236,0
2008,196,214365,0,221937,0
2009,196,146378,0,214365,0
2010,196,146785,0,146378,0
2011,196,139763,0,146785,0
2012,196,135353,0,139763,0
2013,196,66558,0,135353,0
2014,196,63882,0,66558,0
2015,196,59545,0,63882,0
2016,196,57915,0,59545,0
2017,196,61383,0,57915,0
2018,196,68900,0,61383,0
2019,196,83239,0,68900,0
2020,196,93730,0,83239,0
2021,196,105019,0,93730,0
2022,196,93537,0,105019,0
2023,196,127738,0,93537,0
2024,196,139635,0,127738,0
2025,196,145189,0,139635,0
1995,197,5,0,0,0
1996,197,5,0,5,0
1997,197,5,0,5,0
1998,197,5,0,5,0
1999,197,5,0,5,0
2000,197,5,0,5,0
2001,197,5,0,5,0
2002,197,5,0,5,0
2003,197,5,0,5,0
2004,197,5,0,5,0
2006,197,5,0,5,0
2012,197,0,0,5,0
2023,197,0,0,0,0
2024,197,0,0,0,0
2025,197,0,0,0,0
1998,198,5,0,0,0
1999,198,5,0,5,0
2000,198,17,0,5,0
2001,198,18,0,17,0
2002,198,29,0,18,0
2003,198,16,0,29,0
2004,198,69,0,16,0
2005,198,31,0,69,0
2006,198,260,0,31,0
2007,198,305,0,260,0
2008,198,255,0,305,0
2009,198,411,0,255,0
2010,198,418,0,411,0
2011,198,484,0,418,0
2012,198,580,0,484,0
2013,198,84,0,580,0
2014,198,84,0,84,0
2015,198,91,0,84,0
2016,198,103,0,91,0
2017,198,137,0,103,0
2018,198,169,0,137,0
2019,198,155,0,169,0
2020,198,181,0,155,0
2021,198,160,0,181,0
2022,198,199,0,160,0
2023,198,229,0,199,0
2024,198,261,0,229,0
2025,198,277,0,261,0
1973,199,950,0,0,0
1974,199,2630,0,950,0
1975,199,2510,0,2630,0
1976,199,3250,0,2510,0
1977,199,8000,0,3250,0
1978,199,8820,0,8000,0
1979,199,88710,0,8820,0
1980,199,224301,0,88710,0
1981,199,176691,0,224301,0
1982,199,271285,0,176691,0
1983,199,315346,0,271285,0
1984,199,293991,0,315346,0
1985,199,306060,0,293991,0
1986,199,238652,0,306060,0
1987,199,111071,0,238652,0
1988,199,21975,0,111071,0
1989,199,21358,0,21975,0
1990,199,58820,0,21358,0
1991,199,39386,0,58820,0
1992,199,32456,0,39386,0
1993,199,33406,0,32456,0
1994,199,31446,0,33406,0
1995,199,24161,0,31446,0
1996,199,28335,0,24161,0
1997,199,55232,0,28335,0
1998,199,13294,0,55232,0
1999,199,13929,0,13294,0
2000,199,32405,0,13929,0
2001,199,40133,0,32405,0
2002,199,40414,0,40133,0
2003,199,35240,0,40414,0
2004,199,31955,0,35240,0
2005,199,34208,0,31955,0
2006,199,21735,1586174,34208,0
2007,199,21325,1235992,21735,1586174
2008,199,7533,853000,21325,1235992
2009,199,7543,446300,7533,853000
2010,199,6421,125598,7543,446300
2011,199,5658,29776,6421,125598
2012,199,5588,0,5658,29776
2013,199,8166,0,5588,0
2014,199,7172,0,8166,0
2015,199,6306,0,7172,0
2016,199,6224,0,6306,0
2017,199,6409,0,6224,0
2018,199,7034,0,6409,0
2019,199,7301,0,7034,0
2020,199,7442,0,7301,0
2021,199,7882,0,7442,0
2022,199,7567,0,7882,0
2023,199,8371,0,7567,0
2024,199,10378,0,8371,0
2025,199,11584,0,10378,0
1979,2,500000,0,0,0
1980,2,1734921,0,500000,0
1981,2,3879984,0,1734921,0
1982,2,4488214,0,3879984,0
1983,2,4712735,0,4488214,0
1984,2,4417651,0,4712735,0
1985,2,4653193,0,4417651,0
1986,2,5094283,0,4653193,0
1987,2,5511740,0,5094283,0
1988,2,5622982,0,5511740,0
1989,2,5643989,0,5622982,0
1990,2,6339095,0,5643989,0
1991,2,6306301,0,6339095,0
1992,2,4552153,0,6306301,0
1993,2,3374575,15000,4552153,0
1994,2,2731166,332200,3374575,15000
1995,2,2679132,159600,2731166,332200
1996,2,2674234,273840,2679132,159600
1997,2,2676669,296795,2674234,273840
1998,2,2667113,315800,2676669,296795
1999,2,2601690,258625,2667113,315800
2000,2,3587327,758625,2601690,258625
2001,2,3809763,1200000,3587327,758625
2002,2,2510294,665156,3809763,1200000
2003,2,2136039,184269,2510294,665156
2004,2,2414460,159549,2136039,184269
2005,2,2166139,142505,2414460,159549
2006,2,2107510,129310,2166139,142505
2007,2,3057655,153718,2107510,129310
2008,2,2833116,230670,3057655,153718
2009,2,2887114,297129,2833116,230670
2010,2,3054693,351907,2887114,297129
2011,2,2664416,447547,3054693,351907
2012,2,2586125,486298,2664416,447547
2013,2,2556478,631286,2586125,486298
2014,2,2596254,805409,2556478,631286
2015,2,2666294,1174306,2596254,805409
2016,2,2501447,1797551,2666294,1174306
2017,2,2624265,1837079,2501447,1797551
2018,2,2681267,2106893,2624265,1837079
2019,2,2727551,2553390,2681267,2106893
2020,2,2594817,2886317,2727551,2553390
2021,2,2712858,3457744,2594817,2886317
2022,2,5661706,3254002,2712858,3457744
2023,2,6403132,3222397,5661706,3254002
2024,2,5766573,3199710,6403132,3222397
2025,2,4774075,3199648,5766573,3199710
1988,20,5,0,0,0
1989,20,5,0,5,0
1990,20,477,0,5,0
1991,20,613,0,477,0
1992,20,53921,0,613,0
1993,20,57154,0,53921,0
1994,20,56196,0,57154,0
1995,20,56958,0,56196,0
1996,20,57962,0,56958,0
1997,20,44375,0,57962,0
1998,20,4659,0,44375,0
1999,20,4470,0,4659,0
2000,20,5404,0,4470,0
2001,20,5544,0,5404,0
2002,20,5804,0,5544,0
2003,20,5563,0,5804,0
2004,20,5733,0,5563,0
2005,20,7303,0,5733,0
2006,20,7796,0,7303,0
2007,20,10235,0,7796,0
2008,20,10097,0,10235,0
2009,20,10428,0,10097,0
2010,20,10046,0,10428,0
2011,20,10047,0,10046,0
2012,20,10159,0,10047,0
2013,20,9720,0,10159,0
2014,20,10868,0,9720,0
2015,20,12154,0,10868,0
2016,20,13842,0,12154,0
2017,20,16780,0,13842,0
2018,20,21017,0,16780,0
2019,20,22761,0,21017,0
2020,20,18936,0,22761,0
2021,20,22659,0,18936,0
2022,20,23919,0,22659,0
2023,20,24106,0,23919,0
2024,20,28453,0,24106,0
2025,20,29290,0,28453,0
1992,200,39,0,0,0
1993,200,133,0,39,0
1994,200,917,0,133,0
1995,200,1702,0,917,0
1996,200,6106,0,1702,0
1997,200,6348,0,6106,0
1998,200,4599,0,6348,0
1999,200,12235,0,4599,0
2000,200,19310,0,12235,0
2001,200,26712,0,19310,0
2002,200,85258,0,26712,0
2003,200,94141,0,85258,0
2004,200,89582,0,94141,0
2005,200,84223,0,89582,0
2006,200,63716,0,84223,0
2007,200,25980,0,63716,0
2008,200,28416,0,25980,0
2009,200,24512,0,28416,0
2010,200,25102,0,24512,0
2011,200,25372,0,25102,0
2012,200,25248,0,25372,0
2013,200,5154,0,25248,0
2014,200,237617,823000,5154,0
2015,200,321399,1600000,237617,823000
2016,200,239062,1800000,321399,1600000
2017,200,139581,1800000,239062,1800000
2018,200,93248,1500002,139581,1800000
2019,200,59844,734000,93248,1500002
2020,200,35156,734000,59844,734000
2021,200,27562,854000,35156,734000
2022,200,5684177,5914000,27562,854000
2023,200,5960362,3689000,5684177,5914000
2024,200,5120036,3665000,5960362,3689000
2025,200,5300261,3757000,5120036,3665000
1974,201,3000,0,0,0
1975,201,570,0,3000,0
1976,201,1160,0,570,0
1980,201,24,0,1160,0
1981,201,24,0,24,0
1982,201,525,0,24,0
1983,201,25,0,525,0
1984,201,165,0,25,0
1985,201,537,0,165,0
1986,201,47,0,537,0
1987,201,39,0,47,0
1988,201,33,0,39,0
1989,201,203,0,33,0
1990,201,843,0,203,0
1991,201,601,0,843,0
1992,201,431,0,601,0
1993,201,164,0,431,0
1994,201,363,0,164,0
1995,201,263,0,363,0
1996,201,202,0,263,0
1997,201,87,0,202,0
1998,201,72,0,87,0
1999,201,36,0,72,0
2000,201,48,0,36,0
2001,201,45,0,48,0
2002,201,60,0,45,0
2003,201,59,0,60,0
2004,201,76,0,59,0
2005,201,107,0,76,0
2006,201,158,0,107,0
2007,201,193,0,158,0
2008,201,194,0,193,0
2009,201,183,0,194,0
2010,201,185,0,183,0
2011,201,183,0,185,0
2012,201,168,0,183,0
2013,201,144,0,168,0
2014,201,119,0,144,0
2015,201,84,0,119,0
2016,201,23,0,84,0
2017,201,12,0,23,0
2018,201,7,0,12,0
2019,201,15,0,7,0
2020,201,15,0,15,0
2021,201,45,0,15,0
2022,201,82,0,45,0
2023,201,93,0,82,0
2024,201,131,0,93,0
2025,201,113,0,131,0
1991,202,8,0,0,0
1992,202,8,0,8,0
1993,202,10,0,8,0
1994,202,364,0,10,0
1995,202,243,0,364,0
1996,202,141,0,243,0
1997,202,75,0,141,0
1998,202,50,0,75,0
1999,202,38,0,50,0
2000,202,173,0,38,0
2001,202,220,0,173,0
2002,202,383,0,220,0
2003,202,394,0,383,0
2004,202,451,0,394,0
2005,202,676,0,451,0
2006,202,1353,0,676,0
2007,202,2164,0,1353,0
2008,202,2126,0,2164,0
2009,202,2367,0,2126,0
2010,202,3019,0,2367,0
2011,202,3775,0,3019,0
2012,202,4454,0,3775,0
2013,202,4755,0,4454,0
2014,202,4980,0,4755,0
2015,202,4824,0,4980,0
2016,202,302,0,4824,0
2017,202,310,0,302,0
2018,202,332,0,310,0
2019,202,297,0,332,0
2020,202,349,0,297,0
2021,202,426,0,349,0
2022,202,1327,0,426,0
2023,202,1229,0,1327,0
2024,202,4004,0,1229,0
2025,202,1419,0,4004,0
1994,203,29060,0,0,0
1995,203,142,0,29060,0
1996,203,69745,0,142,0
1997,203,69068,0,69745,0
1998,203,51722,0,69068,0
1999,203,45527,0,51722,0
2000,203,3628,0,45527,0
2001,203,3454,0,3628,0
2002,203,6882,0,3454,0
2003,203,7394,0,6882,0
2004,203,7292,0,7394,0
2005,203,8322,0,7292,0
2006,203,9095,0,8322,0
2007,203,5658,0,9095,0
2008,203,6297,0,5658,0
2009,203,6662,0,6297,0
2010,203,8841,0,6662,0
2011,203,12667,0,8841,0
2012,203,11593,0,12667,0
2013,203,4953,0,11593,0
2014,203,4790,0,4953,0
2015,203,4197,0,4790,0
2016,203,3824,0,4197,0
2017,203,3405,0,3824,0
2018,203,3276,0,3405,0
2019,203,3217,0,3276,0
2020,203,3112,0,3217,0
2021,203,3014,0,3112,0
2022,203,4347,0,3014,0
2023,203,4440,0,4347,0
2024,203,5152,0,4440,0
2025,203,5213,0,5152,0
2017,204,0,0,0,0
2018,204,0,0,0,0
2019,204,0,0,0,0
2020,204,0,0,0,0
2021,204,0,0,0,0
2022,204,5,0,0,0
2023,204,5,0,5,0
2024,204,5,0,5,0
2025,204,17,0,5,0
2007,205,0,0,0,0
2008,205,0,0,0,0
2019,205,0,0,0,0
2020,205,0,0,0,0
2021,205,0,0,0,0
2022,205,0,0,0,0
1994,206,7,0,0,0
1995,206,7,0,7,0
1996,206,13,0,7,0
1997,206,13,0,13,0
1998,206,24,0,13,0
1999,206,36,0,24,0
2000,206,48,0,36,0
2001,206,67,0,48,0
2002,206,81,0,67,0
2003,206,105,0,81,0
2004,206,181,0,105,0
2005,206,279,0,181,0
2006,206,386,0,279,0
2007,206,644,0,386,0
2008,206,748,0,644,0
2009,206,847,0,748,0
2010,206,946,0,847,0
2011,206,1126,0,946,0
2012,206,1315,0,1126,0
2013,206,1535,0,1315,0
2014,206,1736,0,1535,0
2015,206,1823,0,1736,0
2016,206,1335,0,1823,0
2017,206,1311,0,1335,0
2018,206,1258,0,1311,0
2019,206,979,0,1258,0
2020,206,742,0,979,0
2021,206,467,0,742,0
2022,206,136,0,467,0
2023,206,157,0,136,0
2024,206,186,0,157,0
2025,206,202,0,186,0
1992,207,5,0,0,0
1993,207,135,0,5,0
1994,207,370,0,135,0
1995,207,478,0,370,0
1996,207,558,0,478,0
1997,207,606,0,558,0
1998,207,568,0,606,0
1999,207,554,0,568,0
2000,207,469,0,554,0
2001,207,464,0,469,0
2002,207,525,0,464,0
2003,207,598,0,525,0
2004,207,1251,0,598,0
2005,207,2581,0,1251,0
2006,207,3821,0,2581,0
2007,207,5089,0,3821,0
2008,207,5801,0,5089,0
2009,207,6216,0,5801,0
2010,207,6697,0,6216,0
2011,207,7575,0,6697,0
2012,207,8204,0,7575,0
2013,207,8396,0,8204,0
2014,207,8009,0,8396,0
2015,207,7455,0,8009,0
2016,207,7543,0,7455,0
2017,207,9272,0,7543,0
2018,207,21047,0,9272,0
2019,207,93239,0,21047,0
2020,207,171112,0,93239,0
2021,207,199202,0,171112,0
2022,207,230393,0,199202,0
2023,207,347695,0,230393,0
2024,207,370169,0,347695,0
2025,207,395474,0,370169,0
2001,208,0,0,0,0
2002,208,0,0,0,0
2008,208,5,0,0,0
2012,208,0,0,5,0
2013,208,0,0,0,0
2014,208,0,0,0,0
2015,208,0,0,0,0
2016,208,0,0,0,0
2017,208,0,0,0,0
2018,208,0,0,0,0
2019,208,0,0,0,0
2020,208,0,0,0,0
2021,208,5,0,0,0
2022,208,8,0,5,0
2023,208,16,0,8,0
2024,208,8,0,16,0
2025,208,13,0,8,0
2000,21,0,0,0,0
2001,21,0,0,0,0
2002,21,0,0,0,0
2003,21,0,0,0,0
2004,21,0,0,0,0
2005,21,0,0,0,0
2006,21,12,0,0,0
2007,21,14,0,12,0
2008,21,11,0,14,0
2009,21,12,0,11,0
2010,21,17,0,12,0
2011,21,184,0,17,0
2012,21,195,0,184,0
2013,21,208,0,195,0
2014,21,216,0,208,0
2015,21,216,0,216,0
2016,21,298,0,216,0
2017,21,378,0,298,0
2018,21,421,0,378,0
2019,21,501,0,421,0
2020,21,534,0,501,0
2021,21,736,0,534,0
2022,21,781,0,736,0
2023,21,1067,0,781,0
2024,21,1449,0,1067,0
2025,21,1254,0,1449,0
1975,210,20000,0,0,0
1976,210,35000,0,20000,0
1977,210,50000,0,35000,0
1978,210,50000,0,50000,0
1979,210,50000,0,50000,0
1980,210,50000,0,50000,0
1981,210,165000,0,50000,0
1982,210,165000,0,165000,0
1983,210,165000,0,165000,0
1984,210,165000,0,165000,0
1985,210,165000,0,165000,0
1986,210,165000,0,165000,0
1987,210,165000,0,165000,0
1988,210,165000,0,165000,0
1989,210,167190,0,165000,0
1990,210,165000,0,167190,0
1991,210,165000,0,165000,0
1992,210,165000,0,165000,0
1993,210,165000,0,165000,0
1994,210,166493,0,165000,0
1995,210,165000,0,166493,0
1996,210,166328,0,165000,0
1997,210,166099,0,166328,0
1998,210,165968,0,166099,0
1999,210,165868,0,165968,0
2000,210,165808,0,165868,0
2001,210,165908,0,165808,0
2002,210,165884,0,165908,0
2003,210,165729,0,165884,0
2004,210,165728,0,165729,0
2005,210,90650,0,165728,0
2006,210,90611,0,90650,0
2007,210,116594,0,90611,0
2008,210,116528,0,116594,0
2009,210,116469,0,116528,0
2010,210,116411,0,116469,0
2011,210,116414,0,116411,0
2012,210,116451,0,116414,0
2013,210,116500,0,116451,0
2014,210,116478,0,116500,0
2015,210,116542,0,116478,0
2016,210,116648,0,116542,0
2017,210,116762,0,116648,0
2018,210,116790,0,116762,0
2019,210,116908,0,116790,0
2020,210,116925,0,116908,0
2021,210,117041,0,116925,0
2022,210,91026,0,117041,0
2023,210,90974,0,91026,0
2024,210,174578,0,90974,0
2025,210,174581,0,174578,0
1978,211,15000,0,0,0
1979,211,15000,0,15000,0
1980,211,15000,0,15000,0
1986,211,100000,0,15000,0
1987,211,70000,0,100000,0
1988,211,77000,0,70000,0
1989,211,77000,0,77000,0
1990,211,5,0,77000,0
1991,211,74,0,5,0
1992,211,31,0,74,0
1993,211,37,0,31,0
1994,211,151,0,37,0
1995,211,366,0,151,0
1996,211,1154,0,366,0
1997,211,1721,0,1154,0
1998,211,1928,0,1721,0
1999,211,2021,0,1928,0
2000,211,2104,0,2021,0
2001,211,1976,0,2104,0
2002,211,1595,0,1976,0
2003,211,1588,0,1595,0
2004,211,1599,0,1588,0
2005,211,1322,0,1599,0
2006,211,1364,0,1322,0
2007,211,1621,77000,1364,0
2008,211,1764,100000,1621,77000
2009,211,1927,250000,1764,100000
2010,211,2070,220994,1927,250000
2011,211,2321,347295,2070,220994
2012,211,2582,385320,2321,347295
2013,211,2406,306614,2582,385320
2014,211,2618,334093,2406,306614
2015,211,15901,2532032,2618,334093
2016,211,18427,2025060,15901,2532032
2017,211,23550,2014062,18427,2025060
2018,211,31133,2144719,23550,2014062
2019,211,36511,3625716,31133,2144719
2020,211,32404,4002012,36511,3625716
2021,211,37579,4288739,32404,4002012
2022,211,40103,4523022,37579,4288739
2023,211,47999,4516341,40103,4523022
2024,211,51369,4795983,47999,4516341
2025,211,53981,4795983,51369,4795983
1968,213,15000,0,0,0
1969,213,13000,0,15000,0
1970,213,9000,0,13000,0
1971,213,750,0,9000,0
1972,213,750,0,750,0
1973,213,750,0,750,0
1974,213,4000,0,750,0
1975,213,750,0,4000,0
1976,213,750,0,750,0
1979,213,1000,0,750,0
1980,213,1210,0,1000,0
1981,213,1200,0,1210,0
1982,213,1200,0,1200,0
1983,213,1200,0,1200,0
1992,213,1990,0,1200,0
1993,213,1573,0,1990,0
1994,213,15,0,1573,0
1995,213,22,0,15,0
1996,213,39,0,22,0
1997,213,62,0,39,0
1998,213,75,0,62,0
1999,213,86,0,75,0
2000,213,91,0,86,0
2001,213,55,0,91,0
2002,213,84,0,55,0
2003,213,95,0,84,0
2004,213,119,0,95,0
2005,213,146,0,119,0
2006,213,199,0,146,0
2007,213,192,0,199,0
2008,213,191,0,192,0
2009,213,201,0,191,0
2010,213,221,0,201,0
2011,213,234,0,221,0
2012,213,240,0,234,0
2013,213,230,0,240,0
2014,213,309,0,230,0
2015,213,334,0,309,0
2016,213,256,0,334,0
2017,213,260,0,256,0
2018,213,266,0,260,0
2019,213,259,0,266,0
2020,213,252,0,259,0
2021,213,255,0,252,0
2022,213,296,0,255,0
2023,213,324,0,296,0
2024,213,337,0,324,0
2025,213,302,0,337,0
1975,214,14720,0,0,0
1976,214,31220,0,14720,0
1977,214,76520,0,31220,0
1978,214,163160,0,76520,0
1979,214,197640,0,163160,0
1980,214,160,0,197640,0
1981,214,190,0,160,0
1983,214,3200,0,190,0
1984,214,3760,0,3200,0
1985,214,4250,0,3760,0
1986,214,3230,0,4250,0
1987,214,3830,0,3230,0
1988,214,629,0,3830,0
1989,214,5,0,629,0
1990,214,5,0,5,0
1991,214,128,0,5,0
1992,214,8,0,128,0
1993,214,14,0,8,0
1994,214,38,0,14,0
1995,214,37,0,38,0
1996,214,36,0,37,0
1997,214,37,0,36,0
1998,214,40,0,37,0
1999,214,40,0,40,0
2000,214,109,0,40,0
2001,214,257,0,109,0
2002,214,4024,0,257,0
2003,214,7154,0,4024,0
2004,214,9557,0,7154,0
2005,214,11246,0,9557,0
2006,214,12774,0,11246,0
2007,214,14366,0,12774,0
2008,214,16824,0,14366,0
2009,214,22441,0,16824,0
2010,214,24080,0,22441,0
2011,214,25033,54278,24080,0
2012,214,22082,57926,25033,54278
2013,214,19719,60139,22082,57926
2014,214,22478,0,19719,60139
2015,214,21332,0,22478,0
2016,214,18141,0,21332,0
2017,214,17420,0,18141,0
2018,214,15618,0,17420,0
2019,214,10045,270000,15618,0
2020,214,8575,0,10045,270000
2021,214,8110,0,8575,0
2022,214,7012,0,8110,0
2023,214,7449,0,7012,0
2024,214,7991,0,7449,0
2025,214,7573,0,7991,0
1980,216,8,0,0,0
1981,216,29,0,8,0
1982,216,32,0,29,0
1983,216,32,0,32,0
1984,216,1132,0,32,0
1985,216,45534,0,1132,0
1986,216,42832,0,45534,0
1987,216,37032,0,42832,0
1988,216,36578,0,37032,0
1989,216,37195,0,36578,0
1990,216,38216,0,37195,0
1991,216,38059,0,38216,0
1992,216,34202,0,38059,0
1993,216,28594,0,34202,0
1994,216,27929,0,28594,0
1995,216,26139,0,27929,0
1996,216,23693,0,26139,0
1997,216,23330,0,23693,0
1998,216,7107,0,23330,0
1999,216,11807,0,7107,0
2000,216,6431,0,11807,0
2001,216,7157,0,6431,0
2002,216,14475,0,7157,0
2003,216,13862,0,14475,0
2004,216,13883,0,13862,0
2005,216,12280,0,13883,0
2006,216,11255,0,12280,0
2007,216,13164,0,11255,0
2008,216,14168,0,13164,0
2009,216,15867,0,14168,0
2010,216,16914,0,15867,0
2011,216,18170,0,16914,0
2012,216,19668,0,18170,0
2013,216,20198,0,19668,0
2014,216,27907,0,20198,0
2015,216,37415,0,27907,0
2016,216,48687,0,37415,0
2017,216,53352,0,48687,0
2018,216,55765,0,53352,0
2019,216,68784,0,55765,0
2020,216,53725,0,68784,0
2021,216,56534,0,53725,0
2022,216,54102,0,56534,0
2023,216,51912,0,54102,0
2024,216,36296,0,51912,0
2025,216,35422,0,36296,0
1964,218,51000,0,0,0
1965,218,52000,0,51000,0
1966,218,52000,0,52000,0
1967,218,57180,0,52000,0
1968,218,62730,0,57180,0
1969,218,64140,0,62730,0
1970,218,64560,0,64140,0
1971,218,64110,0,64560,0
1972,218,65680,0,64110,0
1973,218,66840,0,65680,0
1974,218,68000,0,66840,0
1975,218,8200,0,68000,0
1976,218,8300,0,8200,0
1977,218,8400,0,8300,0
1978,218,8500,0,8400,0
1979,218,8600,0,8500,0
1980,218,8700,0,8600,0
1981,218,8800,0,8700,0
1982,218,9800,0,8800,0
1983,218,10800,0,9800,0
1984,218,11800,0,10800,0
1985,218,12800,0,11800,0
1986,218,13800,0,12800,0
1987,218,14800,0,13800,0
1988,218,15800,0,14800,0
1989,218,16800,0,15800,0
1990,218,17800,0,16800,0
1991,218,18800,0,17800,0
1992,218,19800,0,18800,0
1993,218,21132,0,19800,0
1994,218,21164,0,21132,0
1995,218,20035,0,21164,0
1996,218,20037,0,20035,0
1997,218,20506,0,20037,0
1998,218,21230,0,20506,0
1999,218,21041,0,21230,0
2000,218,20969,0,21041,0
2001,218,20721,0,20969,0
2002,218,20631,0,20721,0
2003,218,20038,0,20631,0
2004,218,20038,0,20038,0
2005,218,20198,0,20038,0
2006,218,20184,0,20198,0
2007,218,20170,0,20184,0
2008,218,20080,0,20170,0
2009,218,20080,0,20080,0
2010,218,15081,0,20080,0
2011,218,15065,0,15081,0
2012,218,15000,0,15065,0
2013,218,15065,0,15000,0
2014,218,15066,0,15065,0
2015,218,15069,0,15066,0
2016,218,13536,0,15069,0
2017,218,13531,0,13536,0
2018,218,13527,0,13531,0
2019,218,12555,0,13527,0
2020,218,12561,0,12555,0
2021,218,12593,0,12561,0
2022,218,12555,0,12593,0
2023,218,12575,0,12555,0
2024,218,12576,0,12575,0
2025,218,12581,0,12576,0
1991,22,9504,0,0,0
1992,22,75442,0,9504,0
1993,22,85334,0,75442,0
1994,22,103270,0,85334,0
1995,22,104746,0,103270,0
1996,22,106820,0,104746,0
1997,22,108702,0,106820,0
1998,22,105690,0,108702,0
1999,22,107619,0,105690,0
2000,22,108943,0,107619,0
2001,22,110844,0,108943,0
2002,22,112524,0,110844,0
2003,22,103977,0,112524,0
2004,22,105259,0,103977,0
2005,22,106539,0,105259,0
2006,22,108069,0,106539,0
2007,22,110593,0,108069,0
2008,22,104960,0,110593,0
2009,22,89064,0,104960,0
2010,22,75062,0,89064,0
2011,22,57980,0,75062,0
2012,22,41582,0,57980,0
2013,22,31556,0,41582,0
2014,22,23633,0,31556,0
2015,22,17709,0,23633,0
2016,22,11757,0,17709,0
2017,22,7954,0,11757,0
2018,22,7100,0,7954,0
2019,22,6839,0,7100,0
2020,22,6741,0,6839,0
2021,22,6702,0,6741,0
2022,22,6688,0,6702,0
2023,22,6676,0,6688,0
2024,22,7433,0,6676,0
2025,22,7280,0,7433,0
2020,223,0,0,0,0
2021,223,0,0,0,0
2022,223,5,0,0,0
2023,223,0,0,5,0
2024,223,0,0,0,0
2025,223,0,0,0,0
2021,224,0,0,0,0
2022,224,0,0,0,0
2021,225,20,0,0,0
2022,225,20,0,20,0
2023,225,0,0,20,0
2024,225,0,0,0,0
2025,225,0,0,0,0
2014,227,0,0,0,0
2015,227,0,0,0,0
2017,227,0,0,0,0
2018,227,0,0,0,0
2020,227,0,0,0,0
2021,227,0,0,0,0
2022,227,17,0,0,0
2023,227,17,0,17,0
2024,227,17,0,17,0
2025,227,17,0,17,0
1984,23,50,0,0,0
1985,23,90,0,50,0
1986,23,110,0,90,0
1987,23,50,0,110,0
1991,23,6,0,50,0
1992,23,61,0,6,0
1993,23,61,0,61,0
1994,23,69,0,61,0
1995,23,60,0,69,0
1996,23,64,0,60,0
1997,23,112,0,64,0
1998,23,100,0,112,0
1999,23,101,0,100,0
2000,23,124,0,101,0
2001,23,90,0,124,0
2002,23,970,0,90,0
2003,23,852,0,970,0
2004,23,575,0,852,0
2005,23,602,0,575,0
2006,23,373,0,602,0
2007,23,557,0,373,0
2008,23,719,0,557,0
2009,23,983,0,719,0
2010,23,1141,0,983,0
2011,23,1262,0,1141,0
2012,23,1458,0,1262,0
2013,23,1578,0,1458,0
2014,23,1853,0,1578,0
2015,23,2147,0,1853,0
2016,23,2352,0,2147,0
2017,23,2694,2350,2352,0
2018,23,11447,47030,2694,2350
2019,23,11733,560033,11447,47030
2020,23,15694,1074993,11733,560033
2021,23,20209,1579976,15694,1074993
2022,23,29914,1882391,20209,1579976
2023,23,54869,2062534,29914,1882391
2024,23,150081,2062534,54869,2062534
2025,23,168359,2062534,150081,2062534
1994,24,37,0,0,0
1995,24,84,0,37,0
1996,24,499,0,84,0
1997,24,300,0,499,0
1998,24,292,0,300,0
1999,24,1505,0,292,0
2000,24,2515,0,1505,0
2001,24,3691,0,2515,0
2002,24,6366,0,3691,0
2003,24,7817,0,6366,0
2004,24,8226,0,7817,0
2005,24,8849,0,8226,0
2006,24,9368,0,8849,0
2007,24,4961,0,9368,0
2008,24,5376,0,4961,0
2009,24,5518,0,5376,0
2010,24,5735,0,5518,0
2011,24,5916,0,5735,0
2012,24,6181,0,5916,0
2013,24,4387,0,6181,0
2014,24,4296,0,4387,0
2015,24,4117,0,4296,0
2016,24,3831,0,4117,0
2017,24,3650,0,3831,0
2018,24,3526,0,3650,0
2019,24,3425,0,3526,0
2020,24,3139,0,3425,0
2021,24,4632,0,3139,0
2022,24,11598,0,4632,0
2023,24,15071,0,11598,0
2024,24,17704,0,15071,0
2025,24,18776,0,17704,0
1970,25,1400,0,0,0
1971,25,2930,0,1400,0
1972,25,1730,0,2930,0
1974,25,1650,0,1730,0
1975,25,90,0,1650,0
1976,25,60,0,90,0
1980,25,170,0,60,0
1981,25,100,0,170,0
1982,25,270,0,100,0
1983,25,0,0,270,0
1989,25,26,0,0,0
1990,25,729,0,26,0
1991,25,67,0,729,0
1992,25,28,0,67,0
1993,25,40,0,28,0
1994,25,177,0,40,0
1995,25,180,0,177,0
1996,25,177,0,180,0
1997,25,163,0,177,0
1998,25,187,0,163,0
1999,25,176,0,187,0
2000,25,177,0,176,0
2001,25,157,0,177,0
2002,25,215,0,157,0
2003,25,260,0,215,0
2004,25,280,0,260,0
2005,25,263,0,280,0
2006,25,371,0,263,0
2007,25,423,0,371,0
2008,25,455,0,423,0
2009,25,570,0,455,0
2010,25,589,0,570,0
2011,25,615,0,589,0
2012,25,616,0,615,0
2013,25,594,0,616,0
2014,25,594,0,594,0
2015,25,566,0,594,0
2016,25,530,0,566,0
2017,25,520,0,530,0
2018,25,502,0,520,0
2019,25,514,0,502,0
2020,25,535,0,514,0
2021,25,549,0,535,0
2022,25,578,0,549,0
2023,25,468,0,578,0
2024,25,612,0,468,0
2025,25,617,0,612,0
2013,254,35,0,0,0
2014,254,35,0,35,0
2015,254,35,0,35,0
2016,254,35,0,35,0
2017,254,35,0,35,0
2018,254,35,0,35,0
2019,254,35,0,35,0
2020,254,35,0,35,0
2021,254,35,0,35,0
2022,254,35,0,35,0
2023,254,8,0,35,0
2024,254,8,0,8,0
2025,254,8,0,8,0
1989,26,5,0,0,0
1990,26,5,0,5,0
1991,26,5,0,5,0
1992,26,5,0,5,0
1993,26,5,0,5,0
1994,26,22,0,5,0
1995,26,27,0,22,0
1996,26,22,0,27,0
1997,26,16,0,22,0
1998,26,16,0,16,0
1999,26,10,0,16,0
2000,26,5,0,10,0
2001,26,0,0,5,0
2002,26,5,0,0,0
2003,26,5,0,5,0
2004,26,5,0,5,0
2005,26,0,0,5,0
2006,26,10,0,0,0
2007,26,16,0,10,0
2008,26,29,0,16,0
2009,26,32,0,29,0
2010,26,56,0,32,0
2011,26,88,0,56,0
2012,26,125,0,88,0
2013,26,165,0,125,0
2014,26,234,0,165,0
2015,26,306,0,234,0
2016,26,265,0,306,0
2017,26,279,0,265,0
2018,26,289,0,279,0
2019,26,228,0,289,0
2020,26,191,0,228,0
2021,26,122,0,191,0
2022,26,81,0,122,0
2023,26,150,0,81,0
2024,26,249,0,150,0
2025,26,332,0,249,0
1951,262,2086011,0,0,0
1952,262,1952928,0,2086011,0
1953,262,1847304,0,1952928,0
1954,262,1727628,0,1847304,0
1955,262,1717966,0,1727628,0
1956,262,1767975,0,1717966,0
1957,262,1742514,0,1767975,0
1958,262,1698310,0,1742514,0
1959,262,1674185,0,1698310,0
1960,262,1506664,0,1674185,0
1961,262,1487067,0,1506664,0
1962,262,1443622,0,1487067,0
1963,262,1329403,0,1443622,0
1964,262,1328259,0,1329403,0
1965,262,1528135,0,1328259,0
1966,262,1335693,0,1528135,0
1967,262,1341171,0,1335693,0
1968,262,1300846,0,1341171,0
1969,262,1394437,0,1300846,0
1970,262,1289370,0,1394437,0
1971,262,2044180,0,1289370,0
1972,262,1943330,0,2044180,0
1973,262,1803895,0,1943330,0
1974,262,1822433,0,1803895,0
1975,262,1920594,0,1822433,0
1976,262,2472611,0,1920594,0
1977,262,2178564,0,2472611,0
1978,262,1838454,0,2178564,0
1979,262,1898392,0,1838454,0
1980,262,1589450,0,1898392,0
1981,262,1680386,0,1589450,0
1982,262,1722228,0,1680386,0
1983,262,1857092,0,1722228,0
1984,262,1668836,0,1857092,0
1985,262,1885131,0,1668836,0
1986,262,2355351,0,1885131,0
1987,262,2227318,0,2355351,0
1988,262,2230890,0,2227318,0
1989,262,2422962,0,2230890,0
1990,262,2568212,0,2422962,0
1991,262,2247606,0,2568212,0
1992,262,3118500,0,2247606,0
1993,262,2239029,0,3118500,0
1994,262,1803192,0,2239029,0
1995,262,2166467,0,1803192,0
1996,262,1412812,0,2166467,0
1997,262,1065790,0,1412812,0
1998,262,1070621,0,1065790,0
1999,262,1236832,0,1070621,0
2000,262,1119368,0,1236832,0
2001,262,1099538,0,1119368,0
2002,262,289770,0,1099538,0
2003,262,320112,0,289770,0
2004,262,351195,0,320112,0
2005,262,187212,0,351195,0
2006,262,246951,0,187212,0
2007,262,194063,0,246951,0
2008,262,190688,0,194063,0
2009,262,186680,0,190688,0
2010,262,167115,0,186680,0
2011,262,145045,0,167115,0
2012,262,132803,0,145045,0
2013,262,107203,0,132803,0
2014,262,101138,0,107203,0
2015,262,120122,0,101138,0
2016,262,138787,0,120122,0
2017,262,202190,0,138787,0
2018,262,216540,0,202190,0
2019,262,183117,0,216540,0
2020,262,184067,0,183117,0
2021,262,100632,0,184067,0
2022,262,100167,0,100632,0
2023,262,179252,0,100167,0
2024,262,191689,0,179252,0
2025,262,192096,0,191689,0
1971,27,2000,0,0,0
1972,27,2000,0,2000,0
1980,27,5,0,2000,0
1981,27,5,0,5,0
1982,27,5,0,5,0
1983,27,5,0,5,0
1984,27,5,0,5,0
1985,27,5,0,5,0
1986,27,5,0,5,0
1989,27,6,0,5,0
1990,27,15,0,6,0
1991,27,11,0,15,0
1992,27,11,0,11,0
1993,27,9,0,11,0
1994,27,41,0,9,0
1995,27,52,0,41,0
1996,27,84,0,52,0
1997,27,103,0,84,0
1998,27,134,0,103,0
1999,27,194,0,134,0
2000,27,220,0,194,0
2001,27,251,0,220,0
2002,27,438,0,251,0
2003,27,377,0,438,0
2004,27,401,0,377,0
2005,27,370,0,401,0
2006,27,703,0,370,0
2007,27,1623,0,703,0
2008,27,1401,0,1623,0
2009,27,973,0,1401,0
2010,27,991,0,973,0
2011,27,1040,0,991,0
2012,27,1073,0,1040,0
2013,27,982,0,1073,0
2014,27,977,0,982,0
2015,27,893,0,977,0
2016,27,803,0,893,0
2017,27,851,0,803,0
2018,27,1038,0,851,0
2019,27,1399,0,1038,0
2020,27,1548,0,1399,0
2021,27,1954,0,1548,0
2022,27,2740,0,1954,0
2023,27,3798,0,2740,0
2024,27,5072,0,3798,0
2025,27,4671,0,5072,0
1995,28,5,0,0,0
1996,28,0,0,5,0
2005,28,47,0,0,0
2015,28,0,0,47,0
2016,28,0,0,0,0
2017,28,0,0,0,0
2019,28,0,0,0,0
2020,28,0,0,0,0
2021,28,0,0,0,0
2022,28,0,0,0,0
2023,28,0,0,0,0
2024,28,0,0,0,0
2025,28,5,0,0,0
1992,29,437501,0,0,0
1993,29,618428,1290000,437501,0
1994,29,776090,1282600,618428,1290000
1995,29,769753,1097800,776090,1282600
1996,29,993868,760146,769753,1097800
1997,29,849240,816000,993868,760146
1998,29,640077,836430,849240,816000
1999,29,598193,809545,640077,836430
2000,29,504980,518252,598193,809545
2001,29,447326,438253,504980,518252
2002,29,406456,367491,447326,438253
2003,29,300012,327188,406456,367491
2004,29,228813,309240,300012,327188
2005,29,109931,182747,228813,309240
2006,29,199948,135500,109931,182747
2007,29,78267,130984,199948,135500
2008,29,74358,124529,78267,130984
2009,29,70006,113642,74358,124529
2010,29,62996,113365,70006,113642
2011,29,58572,113000,62996,113365
2012,29,51815,103449,58572,113000
2013,29,26787,84500,51815,103449
2014,29,21883,84500,26787,84500
2015,29,18763,98324,21883,84500
2016,29,18194,98324,18763,98324
2017,29,17690,98574,18194,98324
2018,29,16956,96830,17690,98574
2019,29,16556,96421,16956,96830
2020,29,15578,96305,16556,96421
2021,29,18189,96305,15578,96305
2022,29,19466,96305,18189,96305
2023,29,19318,91223,19466,96305
2024,29,26821,94796,19318,91223
2025,29,25779,94796,26821,94796
1964,3,100,0,0,0
1965,3,4860,0,100,0
1966,3,4860,0,4860,0
1967,3,4260,0,4860,0
1968,3,4120,0,4260,0
1969,3,4290,0,4120,0
1970,3,4310,0,4290,0
1971,3,390,0,4310,0
1972,3,2300,0,390,0
1973,3,2090,0,2300,0
1974,3,380,0,2090,0
1975,3,380,0,380,0
1977,3,2000,0,380,0
1978,3,1980,0,2000,0
1979,3,1610,0,1980,0
1980,3,1681,0,1610,0
1981,3,1680,0,1681,0
1982,3,1645,0,1680,0
1983,3,1610,0,1645,0
1984,3,1576,0,1610,0
1985,3,1587,0,1576,0
1986,3,90,0,1587,0
1987,3,129,0,90,0
1988,3,358,0,129,0
1989,3,367,0,358,0
1990,3,1822,0,367,0
1991,3,3542,0,1822,0
1992,3,4355,0,3542,0
1993,3,4747,0,4355,0
1994,3,5021,0,4747,0
1995,3,5804,0,5021,0
1996,3,5784,0,5804,0
1997,3,5381,0,5784,0
1998,3,5353,0,5381,0
1999,3,6286,0,5353,0
2000,3,6801,0,6286,0
2001,3,7627,0,6801,0
2002,3,10758,0,7627,0
2003,3,10382,0,10758,0
2004,3,10474,0,10382,0
2005,3,12718,0,10474,0
2006,3,14079,0,12718,0
2007,3,15335,0,14079,0
2008,3,15007,0,15335,0
2009,3,15707,0,15007,0
2010,3,14771,0,15707,0
2011,3,13552,0,14771,0
2012,3,12569,0,13552,0
2013,3,10104,0,12569,0
2014,3,10156,0,10104,0
2015,3,10404,0,10156,0
2016,3,11060,0,10404,0
2017,3,12168,0,11060,0
2018,3,13512,0,12168,0
2019,3,15027,0,13512,0
2020,3,15523,0,15027,0
2021,3,19847,0,15523,0
2022,3,20865,0,19847,0
2023,3,21919,0,20865,0
2024,3,21875,0,21919,0
2025,3,21576,0,21875,0
1969,30,90,0,0,0
1970,30,320,0,90,0
1971,30,340,0,320,0
1972,30,340,0,340,0
1973,30,340,0,340,0
1974,30,300,0,340,0
1975,30,300,0,300,0
1978,30,290,0,300,0
1980,30,329,0,290,0
1981,30,274,0,329,0
1982,30,257,0,274,0
1983,30,227,0,257,0
1984,30,183,0,227,0
1985,30,190,0,183,0
1986,30,160,0,190,0
1987,30,138,0,160,0
1988,30,898,0,138,0
1989,30,869,0,898,0
1990,30,1922,0,869,0
1991,30,2733,0,1922,0
1992,30,2980,0,2733,0
1993,30,3157,0,2980,0
1994,30,4692,0,3157,0
1995,30,4157,0,4692,0
1996,30,3246,0,4157,0
1997,30,3049,0,3246,0
1998,30,3121,0,3049,0
1999,30,2652,0,3121,0
2000,30,2404,0,2652,0
2001,30,2122,0,2404,0
2002,30,2843,0,2122,0
2003,30,2565,0,2843,0
2004,30,2227,0,2565,0
2005,30,4250,0,2227,0
2006,30,3431,0,4250,0
2007,30,3306,0,3431,0
2008,30,3036,0,3306,0
2009,30,2743,0,3036,0
2010,30,2558,0,2743,0
2011,30,2322,0,2558,0
2012,30,2143,0,2322,0
2013,30,1875,0,2143,0
2014,30,1644,0,1875,0
2015,30,1264,0,1644,0
2016,30,799,0,1264,0
2017,30,716,0,799,0
2018,30,620,0,716,0
2019,30,566,0,620,0
2020,30,510,0,566,0
2021,30,455,0,510,0
2022,30,790,0,455,0
2023,30,393,0,790,0
2024,30,498,0,393,0
2025,30,501,0,498,0
1994,31,8,0,0,0
1995,31,8,0,8,0
1996,31,5,0,8,0
1999,31,11,0,5,0
2000,31,12,0,11,0
2001,31,0,0,12,0
2002,31,0,0,0,0
2003,31,9,0,0,0
2004,31,6,0,9,0
2005,31,5,0,6,0
2006,31,13,0,5,0
2007,31,13,0,13,0
2008,31,18,0,13,0
2009,31,16,0,18,0
2010,31,21,0,16,0
2011,31,29,0,21,0
2012,31,35,0,29,0
2013,31,37,0,35,0
2014,31,42,0,37,0
2015,31,48,0,42,0
2016,31,58,0,48,0
2017,31,64,0,58,0
2018,31,68,0,64,0
2019,31,73,0,68,0
2020,31,68,0,73,0
2021,31,81,0,68,0
2022,31,65,0,81,0
2023,31,72,0,65,0
2024,31,104,0,72,0
2025,31,95,0,104,0
1971,32,57000,0,0,0
1972,32,55000,0,57000,0
1973,32,35000,0,55000,0
1975,32,18830,0,35000,0
1976,32,17200,0,18830,0
1977,32,76710,0,17200,0
1978,32,165120,0,76710,0
1979,32,51100,0,165120,0
1980,32,192843,0,51100,0
1981,32,135077,0,192843,0
1982,32,123398,0,135077,0
1983,32,91115,0,123398,0
1984,32,72468,0,91115,0
1985,32,67518,0,72468,0
1986,32,54848,0,67518,0
1987,32,48589,0,54848,0
1988,32,97758,0,48589,0
1989,32,75725,0,97758,0
1990,32,54364,0,75725,0
1991,32,43166,0,54364,0
1992,32,28849,0,43166,0
1993,32,9751,0,28849,0
1994,32,8536,124100,9751,0
1995,32,61224,49700,8536,124100
1996,32,62240,29406,61224,49700
1997,32,103239,0,62240,29406
1998,32,76575,0,103239,0
1999,32,38318,0,76575,0
2000,32,36851,0,38318,0
2001,32,34756,0,36851,0
2002,32,33451,0,34756,0
2003,32,31404,0,33451,0
2004,32,18109,0,31404,0
2005,32,17804,0,18109,0
2006,32,17963,0,17804,0
2007,32,17700,0,17963,0
2008,32,17250,0,17700,0
2009,32,17022,0,17250,0
2010,32,16308,0,17022,0
2011,32,15201,0,16308,0
2012,32,14016,0,15201,0
2013,32,13738,0,14016,0
2014,32,13066,0,13738,0
2015,32,12802,0,13066,0
2016,32,12428,0,12802,0
2017,32,12238,0,12428,0
2018,32,12139,0,12238,0
2019,32,11986,0,12139,0
2020,32,11862,0,11986,0
2021,32,12072,0,11862,0
2022,32,11700,0,12072,0
2023,32,11624,0,11700,0
2024,32,11474,0,11624,0
2025,32,11393,0,11474,0
1991,33,5,0,0,0
1992,33,5,0,5,0
1993,33,5,0,5,0
1994,33,5,0,5,0
1995,33,5,0,5,0
1996,33,10,0,5,0
1997,33,12,0,10,0
1998,33,16,0,12,0
1999,33,19,0,16,0
2000,33,25,0,19,0
2001,33,5,0,25,0
2002,33,52,0,5,0
2003,33,61,0,52,0
2004,33,57,0,61,0
2005,33,120,0,57,0
2006,33,94,0,120,0
2007,33,530,0,94,0
2008,33,100,0,530,0
2009,33,97,0,100,0
2010,33,86,0,97,0
2011,33,108,0,86,0
2012,33,121,0,108,0
2013,33,94,0,121,0
2014,33,89,0,94,0
2015,33,73,0,89,0
2016,33,76,0,73,0
2017,33,75,0,76,0
2018,33,81,0,75,0
2019,33,71,0,81,0
2020,33,65,0,71,0
2021,33,60,0,65,0
2022,33,186,0,60,0
2023,33,223,0,186,0
2024,33,309,0,223,0
2025,33,344,0,309,0
1982,34,15000,0,0,0
1986,34,230,0,15000,0
1987,34,160,0,230,0
1988,34,170,0,160,0
1989,34,310,0,170,0
1990,34,100,0,310,0
1991,34,320,0,100,0
1992,34,325,0,320,0
1993,34,309,0,325,0
1994,34,264,0,309,0
1995,34,241,0,264,0
1996,34,240,0,241,0
1997,34,139,0,240,0
1998,34,168,0,139,0
1999,34,190,0,168,0
2000,34,135,0,190,0
2001,34,28698,0,135,0
2002,34,25368,0,28698,0
2003,34,35394,0,25368,0
2004,34,31056,0,35394,0
2005,34,42875,0,31056,0
2006,34,71669,147000,42875,0
2007,34,98092,197000,71669,147000
2008,34,125090,197000,98092,197000
2009,34,159542,197000,125090,197000
2010,34,164902,192529,159542,197000
2011,34,162861,105206,164902,192529
2012,34,164567,51679,162861,105206
2013,34,252854,894421,164567,51679
2014,34,412028,438538,252854,894421
2015,34,471093,216392,412028,438538
2016,34,490879,411785,471093,216392
2017,34,545513,688700,490879,411785
2018,34,590853,640970,545513,688700
2019,34,610147,669906,590853,640970
2020,34,642156,681930,610147,669906
2021,34,737653,691791,642156,681930
2022,34,748339,515665,737653,691791
2023,34,759182,511803,748339,515665
2024,34,693483,469342,759182,511803
2025,34,683161,447089,693483,469342
2013,35,6,0,0,0
2014,35,6,0,6,0
2015,35,6,0,6,0
2016,35,6,0,6,0
2017,35,6,0,6,0
2018,35,6,0,6,0
2019,35,6,0,6,0
2020,35,5,0,6,0
2021,35,5,0,5,0
2022,35,5,0,5,0
1970,36,1900,0,0,0
1971,36,1400,0,1900,0
1972,36,1500,0,1400,0
1973,36,1500,0,1500,0
1979,36,10000,0,1500,0
1980,36,221000,0,10000,0
1981,36,234260,0,221000,0
1982,36,17010,0,234260,0
1983,36,16745,0,17010,0
1984,36,181346,0,16745,0
1985,36,212158,0,181346,0
1986,36,170078,0,212158,0
1987,36,146858,0,170078,0
1988,36,130790,0,146858,0
1989,36,125863,0,130790,0
1990,36,184804,0,125863,0
1991,36,72317,0,184804,0
1992,36,66378,0,72317,0
1993,36,212923,0,66378,0
1994,36,211968,0,212923,0
1995,36,59726,0,211968,0
1996,36,58443,0,59726,0
1997,36,55026,0,58443,0
1998,36,61294,0,55026,0
1999,36,58792,0,61294,0
2000,36,54955,0,58792,0
2001,36,46282,0,54955,0
2002,36,47340,0,46282,0
2003,36,52268,0,47340,0
2004,36,52645,0,52268,0
2005,36,48389,0,52645,0
2006,36,36286,112686,48389,0
2007,36,55697,178918,36286,112686
2008,36,55083,166718,55697,178918
2009,36,54997,170531,55083,166718
2010,36,53713,131000,54997,170531
2011,36,42619,124000,53713,131000
2012,36,39674,90000,42619,124000
2013,36,48618,19791,39674,90000
2014,36,48236,0,48618,19791
2015,36,14921,51999,48236,0
2016,36,14176,124342,14921,51999
2017,36,16325,99983,14176,124342
2018,36,10895,165314,16325,99983
2019,36,11163,170278,10895,165314
2020,36,10388,336124,11163,170278
2021,36,11771,406573,10388,336124
2022,36,12811,381289,11771,406573
2023,36,10196,215928,12811,381289
2024,36,14617,220610,10196,215928
2025,36,14724,225689,14617,220610
1964,37,0,0,0,0
1965,37,0,0,0,0
1966,37,3000,0,0,0
1967,37,0,0,3000,0
1968,37,0,0,0,0
1969,37,0,0,0,0
1970,37,0,0,0,0
1971,37,0,0,0,0
1972,37,0,0,0,0
1980,37,24,0,0,0
1981,37,24,0,24,0
1982,37,104,0,24,0
1983,37,24,0,104,0
1984,37,24,0,24,0
1985,37,124,0,24,0
1986,37,154,0,124,0
1987,37,24,0,154,0
1988,37,265,0,24,0
1989,37,413,0,265,0
1990,37,1426,0,413,0
1991,37,2011,0,1426,0
1992,37,82576,0,2011,0
1993,37,111507,0,82576,0
1994,37,113908,0,111507,0
1995,37,104691,0,113908,0
1996,37,105806,0,104691,0
1997,37,106731,0,105806,0
1998,37,109396,0,106731,0
1999,37,111950,0,109396,0
2000,37,110967,0,111950,0
2001,37,117403,0,110967,0
2002,37,132099,0,117403,0
2003,37,132390,0,132099,0
2004,37,134708,0,132390,0
2005,37,124086,0,134708,0
2006,37,140584,0,124086,0
2007,37,149087,0,140584,0
2008,37,175169,0,149087,0
2009,37,180546,0,175169,0
2010,37,184601,0,180546,0
2011,37,190369,0,184601,0
2012,37,193449,0,190369,0
2013,37,195121,0,193449,0
2014,37,210793,0,195121,0
2015,37,212911,0,210793,0
2016,37,207768,0,212911,0
2017,37,207716,0,207768,0
2018,37,212039,0,207716,0
2019,37,212863,0,212039,0
2020,37,175361,0,212863,0
2021,37,170222,0,175361,0
2022,37,161366,0,170222,0
2023,37,160565,0,161366,0
2024,37,153564,0,160565,0
2025,37,153282,0,153564,0
1974,38,13550,0,0,0
1975,38,15350,0,13550,0
1976,38,2670,0,15350,0
1977,38,3000,0,2670,0
1978,38,3130,0,3000,0
1979,38,3130,0,3130,0
1980,38,1505,0,3130,0
1981,38,1885,0,1505,0
1982,38,2483,0,1885,0
1983,38,1794,0,2483,0
1984,38,1552,0,1794,0
1985,38,2181,0,1552,0
1986,38,2434,0,2181,0
1987,38,1906,0,2434,0
1988,38,608,0,1906,0
1989,38,1201,0,608,0
1990,38,14547,0,1201,0
1991,38,14006,0,14547,0
1992,38,14042,0,14006,0
1993,38,15265,0,14042,0
1994,38,15475,0,15265,0
1995,38,14274,0,15475,0
1996,38,12801,0,14274,0
1997,38,9775,0,12801,0
1998,38,7005,0,9775,0
1999,38,1539,0,7005,0
2000,38,858,0,1539,0
2001,38,834,0,858,0
2002,38,1705,0,834,0
2003,38,1549,0,1705,0
2004,38,1183,0,1549,0
2005,38,929,0,1183,0
2006,38,798,0,929,0
2007,38,964,0,798,0
2008,38,988,0,964,0
2009,38,1305,0,988,0
2010,38,1163,0,1305,0
2011,38,1182,0,1163,0
2012,38,1145,0,1182,0
2013,38,588,0,1145,0
2014,38,571,0,588,0
2015,38,554,0,571,0
2016,38,495,0,554,0
2017,38,493,0,495,0
2018,38,479,0,493,0
2019,38,486,0,479,0
2020,38,659,0,486,0
2021,38,987,0,659,0
2022,38,1500,0,987,0
2023,38,1901,0,1500,0
2024,38,4809,0,1901,0
2025,38,4487,0,4809,0
1989,39,60,0,0,0
1990,39,100,0,60,0
1992,39,84,0,100,0
1993,39,170,0,84,0
1994,39,236,0,170,0
1995,39,2018,0,236,0
1996,39,2111,0,2018,0
1997,39,2250,0,2111,0
1998,39,1349,0,2250,0
1999,39,1651,0,1349,0
2000,39,2067,0,1651,0
2001,39,2729,0,2067,0
2002,39,5228,0,2729,0
2003,39,6215,0,5228,0
2004,39,7623,0,6215,0
2005,39,9096,0,7623,0
2006,39,10373,0,9096,0
2007,39,11499,0,10373,0
2008,39,13852,0,11499,0
2009,39,14752,0,13852,0
2010,39,14952,0,14752,0
2011,39,15149,0,14952,0
2012,39,13360,0,15149,0
2013,39,11410,0,13360,0
2014,39,10739,0,11410,0
2015,39,10565,92657,10739,0
2016,39,10344,198889,10565,92657
2017,39,11032,221695,10344,198889
2018,39,45118,668494,11032,221695
2019,39,66241,950263,45118,668494
2020,39,78476,1032942,66241,950263
2021,39,125472,933138,78476,1032942
2022,39,147347,989079,125472,933138
2023,39,110710,1075252,147347,989079
2024,39,109874,1036775,110710,1075252
2025,39,151254,969273,109874,1036775
1981,4,5,0,0,0
1982,4,5,0,5,0
1983,4,5,0,5,0
1984,4,5,0,5,0
1985,4,5,0,5,0
1988,4,5,0,5,0
1989,4,5,0,5,0
1990,4,18,0,5,0
1991,4,55,0,18,0
1992,4,69,0,55,0
1993,4,84,0,69,0
1994,4,20744,0,84,0
1995,4,1522,0,20744,0
1996,4,2245,0,1522,0
1997,4,3409,0,2245,0
1998,4,5717,0,3409,0
1999,4,7140,0,5717,0
2000,4,8015,0,7140,0
2001,4,8399,0,8015,0
2002,4,12088,0,8399,0
2003,4,11651,0,12088,0
2004,4,10650,0,11651,0
2005,4,12024,0,10650,0
2006,4,8338,0,12024,0
2007,4,10599,0,8338,0
2008,4,9044,0,10599,0
2009,4,8168,0,9044,0
2010,4,6665,0,8168,0
2011,4,6093,0,6665,0
2012,4,5657,0,6093,0
2013,4,3643,0,5657,0
2014,4,3509,0,3643,0
2015,4,3470,0,3509,0
2016,4,3705,0,3470,0
2017,4,4021,0,3705,0
2018,4,4181,0,4021,0
2019,4,4514,0,4181,0
2020,4,4571,0,4514,0
2021,4,6003,0,4571,0
2022,4,7734,0,6003,0
2023,4,7629,0,7734,0
2024,4,8800,0,7629,0
2025,4,8491,0,8800,0
1965,40,0,0,0,0
1966,40,0,0,0,0
1967,40,930,0,0,0
1968,40,330,0,930,0
1969,40,0,0,330,0
1970,40,0,0,0,0
1975,40,110,0,0,0
1980,40,6,0,110,0
1981,40,6,0,6,0
1982,40,6,0,6,0
1983,40,6,0,6,0
1984,40,6,0,6,0
1985,40,6,0,6,0
1986,40,6,0,6,0
1991,40,5,0,6,0
1992,40,7,0,5,0
1993,40,7,0,7,0
1994,40,33,0,7,0
1995,40,172,0,33,0
1996,40,214,0,172,0
1997,40,21143,0,214,0
1998,40,17141,0,21143,0
1999,40,27297,0,17141,0
2000,40,27570,0,27297,0
2001,40,24237,0,27570,0
2002,40,27994,0,24237,0
2003,40,28950,0,27994,0
2004,40,28140,0,28950,0
2005,40,24428,0,28140,0
2006,40,20593,3492,24428,0
2007,40,19719,0,20593,3492
2008,40,19922,0,19719,0
2009,40,20546,0,19922,0
2010,40,20682,0,20546,0
2011,40,12836,0,20682,0
2012,40,12113,0,12836,0
2013,40,11744,0,12113,0
2014,40,14498,0,11744,0
2015,40,14772,0,14498,0
2016,40,13291,15303,14772,0
2017,40,13295,107828,13291,15303
2018,40,13354,138000,13295,107828
2019,40,12738,134430,13354,138000
2020,40,12590,134430,12738,134430
2021,40,14253,134430,12590,134430
2022,40,13331,26875,14253,134430
2023,40,13820,0,13331,26875
2024,40,14110,0,13820,0
2025,40,14068,0,14110,0
1964,41,58700,0,0,0
1965,41,47000,0,58700,0
1966,41,74800,0,47000,0
1967,41,78190,0,74800,0
1968,41,67330,0,78190,0
1969,41,54530,0,67330,0
1970,41,51650,0,54530,0
1971,41,43470,0,51650,0
1972,41,43920,0,43470,0
1973,41,43380,0,43920,0
1974,41,39820,0,43380,0
1975,41,39410,0,39820,0
1976,41,44070,0,39410,0
1977,41,264940,0,44070,0
1978,41,151560,0,264940,0
1979,41,70450,0,151560,0
1980,41,116750,0,70450,0
1981,41,118970,0,116750,0
1982,41,92455,0,118970,0
1983,41,101571,0,92455,0
1984,41,94512,0,101571,0
1985,41,86418,0,94512,0
1986,41,96619,0,86418,0
1987,41,69428,0,96619,0
1988,41,103537,0,69428,0
1989,41,100786,0,103537,0
1990,41,67423,0,100786,0
1991,41,65816,0,67423,0
1992,41,81269,0,65816,0
1993,41,74817,0,81269,0
1994,41,73279,0,74817,0
1995,41,89742,0,73279,0
1996,41,158794,0,89742,0
1997,41,173994,0,158794,0
1998,41,158828,0,173994,0
1999,41,255942,0,158828,0
2000,41,371705,3000,255942,0
2001,41,392137,3458,371705,3000
2002,41,421350,9000,392137,3458
2003,41,453460,0,421350,9000
2004,41,462186,0,453460,0
2005,41,430914,0,462186,0
2006,41,401903,1075297,430914,0
2007,41,370372,1317879,401903,1075297
2008,41,367986,1460102,370372,1317879
2009,41,455847,2052677,367986,1460102
2010,41,476686,1721382,455847,2052677
2011,41,491465,1709278,476686,1721382
2012,41,509275,2669069,491465,1709278
2013,41,499551,2963799,509275,2669069
2014,41,516765,2756585,499551,2963799
2015,41,541487,1555112,516765,2756585
2016,41,537474,2232900,541487,1555112
2017,41,620805,4351376,537474,2232900
2018,41,720297,4516866,620805,4351376
2019,41,802974,5014253,720297,4516866
2020,41,840382,5198131,802974,5014253
2021,41,908396,5407840,840382,5198131
2022,41,932672,5541021,908396,5407840
2023,41,978201,6251790,932672,5541021
2024,41,1060078,6905511,978201,6251790
2025,41,1146698,5165240,1060078,6905511
1989,42,5,0,0,0
1990,42,5,0,5,0
1994,42,5,0,5,0
1995,42,10,0,5,0
1996,42,10,0,10,0
1997,42,5,0,10,0
1998,42,27,0,5,0
1999,42,27,0,27,0
2000,42,25,0,27,0
2001,42,25,0,25,0
2002,42,40,0,25,0
2003,42,62,0,40,0
2004,42,52,0,62,0
2005,42,64,0,52,0
2006,42,73,0,64,0
2007,42,93,0,73,0
2008,42,376,0,93,0
2009,42,268,0,376,0
2010,42,365,0,268,0
2011,42,420,0,365,0
2012,42,449,0,420,0
2013,42,509,0,449,0
2014,42,580,0,509,0
2015,42,550,0,580,0
2016,42,572,0,550,0
2017,42,600,0,572,0
2018,42,624,0,600,0
2019,42,658,0,624,0
2020,42,748,0,658,0
2021,42,1670,0,748,0
2022,42,1900,0,1670,0
2023,42,2194,0,1900,0
2024,42,2322,0,2194,0
2025,42,2322,0,2322,0
1981,44,50,0,0,0
1982,44,100,0,50,0
1985,44,60,0,100,0
1986,44,50,0,60,0
1987,44,50,0,50,0
1988,44,35,0,50,0
1989,44,65,0,35,0
1990,44,493,0,65,0
1991,44,738,0,493,0
1992,44,841,0,738,0
1993,44,1040,0,841,0
1994,44,1361,0,1040,0
1995,44,1902,0,1361,0
1996,44,2168,0,1902,0
1997,44,2376,0,2168,0
1998,44,3536,0,2376,0
1999,44,4412,0,3536,0
2000,44,9278,525000,4412,0
2001,44,17937,720000,9278,525000
2002,44,30624,950000,17937,720000
2003,44,37992,1244072,30624,950000
2004,44,47380,2000000,37992,1244072
2005,44,60447,2000000,47380,2000000
2006,44,72793,3000000,60447,2000000
2007,44,551741,3000000,72793,3000000
2008,44,373532,3000000,551741,3000000
2009,44,389753,3303979,373532,3000000
2010,44,395579,3672054,389753,3303979
2011,44,395950,3888309,395579,3672054
2012,44,394112,3943509,395950,3888309
2013,44,396711,5368138,394112,3943509
2014,44,360291,6044151,396711,5368138
2015,44,340116,6939067,360291,6044151
2016,44,311059,7410816,340116,6939067
2017,44,191635,7677609,311059,7410816
2018,44,138583,7816473,191635,7677609
2019,44,189254,7976412,138583,7816473
2020,44,189866,8252788,189254,7976412
2021,44,115792,6766002,189866,8252788
2022,44,109012,6834492,115792,6766002
2023,44,115513,6918373,109012,6834492
2024,44,77775,7031498,115513,6918373
2025,44,79862,7080977,77775,7031498
1992,45,5,0,0,0
1993,45,5,0,5,0
1994,45,222,0,5,0
1995,45,209,0,222,0
1996,45,136,0,209,0
1997,45,86,0,136,0
1998,45,50,0,86,0
1999,45,73,0,50,0
2000,45,55,0,73,0
2001,45,86,0,55,0
2002,45,97,0,86,0
2003,45,91,0,97,0
2004,45,136,0,91,0
2005,45,176,0,136,0
2006,45,283,0,176,0
2007,45,361,0,283,0
2008,45,354,0,361,0
2009,45,344,0,354,0
2010,45,352,0,344,0
2011,45,332,0,352,0
2012,45,325,0,332,0
2013,45,463,0,325,0
2014,45,414,0,463,0
2015,45,374,0,414,0
2016,45,202,0,374,0
2017,45,195,0,202,0
2018,45,207,0,195,0
2019,45,206,0,207,0
2020,45,208,0,206,0
2021,45,235,0,208,0
2022,45,275,0,235,0
2023,45,207,0,275,0
2024,45,316,0,207,0
2025,45,286,0,316,0
1969,46,14500,0,0,0
1970,46,16700,0,14500,0
1971,46,54500,0,16700,0
1972,46,17070,0,54500,0
1974,46,1600,0,17070,0
1979,46,3560,0,1600,0
1980,46,1695,0,3560,0
1981,46,2705,0,1695,0
1982,46,655,0,2705,0
1983,46,925,0,655,0
1984,46,1356,0,925,0
1985,46,1876,0,1356,0
1986,46,686,0,1876,0
1987,46,836,0,686,0
1988,46,3874,0,836,0
1989,46,7680,0,3874,0
1990,46,13520,0,7680,0
1991,46,17614,0,13520,0
1992,46,21273,0,17614,0
1993,46,22409,0,21273,0
1994,46,23320,0,22409,0
1995,46,24857,0,23320,0
1996,46,25462,0,24857,0
1997,46,24911,0,25462,0
1998,46,23559,0,24911,0
1999,46,23322,0,23559,0
2000,46,20077,0,23322,0
2001,46,18950,0,20077,0
2002,46,18035,0,18950,0
2003,46,16084,0,18035,0
2004,46,15671,0,16084,0
2005,46,19003,0,15671,0
2006,46,33580,0,19003,0
2007,46,7496,0,33580,0
2008,46,7928,0,7496,0
2009,46,7537,0,7928,0
2010,46,7460,0,7537,0
2011,46,7845,0,7460,0
2012,46,7722,0,7845,0
2013,46,7453,0,7722,0
2014,46,7497,0,7453,0
2015,46,6827,0,7497,0
2016,46,5940,0,6827,0
2017,46,5331,0,5940,0
2018,46,5488,0,5331,0
2019,46,6625,0,5488,0
2020,46,8912,0,6625,0
2021,46,11534,0,8912,0
2022,46,14676,0,11534,0
2023,46,18560,0,14676,0
2024,46,23865,0,18560,0
2025,46,26986,0,23865,0
1966,47,300,0,0,0
1967,47,300,0,300,0
1968,47,430,0,300,0
1969,47,400,0,430,0
1970,47,400,0,400,0
2000,47,0,0,400,0
2001,47,5,0,0,0
2002,47,5,0,5,0
2003,47,7,0,5,0
2004,47,5,0,7,0
2005,47,0,0,5,0
2006,47,34,0,0,0
2007,47,28,0,34,0
2008,47,27,0,28,0
2009,47,22,0,27,0
2010,47,22,0,22,0
2011,47,22,0,22,0
2012,47,22,0,22,0
2013,47,22,0,22,0
2014,47,27,0,22,0
2015,47,27,0,27,0
2016,47,10,0,27,0
2017,47,5,0,10,0
2018,47,10,0,5,0
2019,47,10,0,10,0
2020,47,5,0,10,0
2021,47,10,0,5,0
2022,47,20,0,10,0
2023,47,19,0,20,0
2024,47,14,0,19,0
2025,47,14,0,14,0
1977,48,700,0,0,0
1988,48,11,0,700,0
1989,48,11,0,11,0
1990,48,11,0,11,0
1993,48,0,265000,11,0
1994,48,6,265000,0,265000
1995,48,9,265000,6,265000
1996,48,9,265000,9,265000
1997,48,7,265000,9,265000
1998,48,10,265000,7,265000
1999,48,17,0,10,265000
2000,48,12,0,17,0
2001,48,5,0,12,0
2002,48,5,0,5,0
2003,48,5,0,5,0
2005,48,5,0,5,0
2006,48,5,0,5,0
2007,48,10,0,5,0
2008,48,10,0,10,0
2009,48,10,0,10,0
2010,48,10,0,10,0
2011,48,10,0,10,0
2012,48,10,0,10,0
2013,48,10,0,10,0
2014,48,10,0,10,0
2015,48,0,0,10,0
2016,48,0,0,0,0
2017,48,0,0,0,0
2018,48,7,0,0,0
2019,48,0,0,7,0
2020,48,0,0,0,0
2021,48,5,0,0,0
2022,48,0,0,5,0
2023,48,5,0,0,0
2024,48,10,0,5,0
2025,48,10,0,10,0
1970,49,70,0,0,0
1971,49,70,0,70,0
1972,49,70,0,70,0
1973,49,60,0,70,0
1974,49,50,0,60,0
1975,49,50,0,50,0
1980,49,393,0,50,0
1981,49,389,0,393,0
1982,49,494,0,389,0
1983,49,421,0,494,0
1984,49,456,0,421,0
1985,49,981,0,456,0
1986,49,411,0,981,0
1987,49,385,0,411,0
1988,49,5649,0,385,0
1989,49,5790,0,5649,0
1990,49,6123,0,5790,0
1991,49,4491,0,6123,0
1992,49,3327,0,4491,0
1993,49,5017,0,3327,0
1994,49,4650,0,5017,0
1995,49,2040,0,4650,0
1996,49,977,0,2040,0
1997,49,695,0,977,0
1998,49,1929,0,695,0
1999,49,1243,0,1929,0
2000,49,809,0,1243,0
2001,49,1177,0,809,0
2002,49,6985,0,1177,0
2003,49,6699,0,6985,0
2004,49,4528,0,6699,0
2005,49,3589,0,4528,0
2006,49,2136,0,3589,0
2007,49,1379,0,2136,0
2008,49,1354,0,1379,0
2009,49,1060,0,1354,0
2010,49,811,0,1060,0
2011,49,758,0,811,0
2012,49,620,0,758,0
2013,49,984,0,620,0
2014,49,1321,0,984,0
2015,49,1280,0,1321,0
2016,49,1266,0,1280,0
2017,49,1272,0,1266,0
2018,49,1236,0,1272,0
2019,49,1166,0,1236,0
2020,49,1112,0,1166,0
2021,49,758,0,1112,0
2022,49,604,0,758,0
2023,49,637,0,604,0
2024,49,1057,0,637,0
2025,49,755,0,1057,0
2001,5,0,0,0,0
2002,5,9,0,0,0
2003,5,7,0,9,0
2004,5,0,0,7,0
2005,5,10,0,0,0
2006,5,10,0,10,0
2007,5,10,0,10,0
2008,5,5,0,10,0
2009,5,5,0,5,0
2010,5,5,0,5,0
2011,5,5,0,5,0
2012,5,6,0,5,0
2013,5,5,0,6,0
2014,5,5,0,5,0
2015,5,5,0,5,0
2016,5,0,0,5,0
2017,5,0,0,0,0
2020,5,0,0,0,0
2021,5,0,0,0,0
2022,5,5,0,0,0
2023,5,0,0,5,0
2024,5,5,0,0,0
2025,5,0,0,5,0
1994,50,11,0,0,0
1995,50,18,0,11,0
1996,50,34,0,18,0
1997,50,33,0,34,0
1998,50,28,0,33,0
1999,50,25,0,28,0
2000,50,26,0,25,0
2001,50,5,0,26,0
2002,50,6,0,5,0
2003,50,10,0,6,0
2004,50,10,0,10,0
2005,50,10,0,10,0
2006,50,10,0,10,0
2007,50,15,0,10,0
2008,50,10,0,15,0
2009,50,10,0,10,0
2010,50,6,0,10,0
2011,50,6,0,6,0
2012,50,6,0,6,0
2013,50,6,0,6,0
2014,50,11,0,6,0
2015,50,11,0,11,0
2016,50,0,0,11,0
2017,50,0,0,0,0
2018,50,0,0,0,0
2019,50,5,0,0,0
2020,50,5,0,5,0
2021,50,8,0,5,0
2022,50,0,0,8,0
2023,50,0,0,0,0
2024,50,16,0,0,0
2025,50,30,0,16,0
1990,51,5,0,0,0
1991,51,10,0,5,0
1992,51,10,0,10,0
1993,51,36,0,10,0
1994,51,18065,0,36,0
1995,51,18092,0,18065,0
1996,51,18096,0,18092,0
1997,51,8143,0,18096,0
1998,51,3222,0,8143,0
1999,51,1879,0,3222,0
2000,51,1911,0,1879,0
2001,51,451,0,1911,0
2002,51,470,0,451,0
2003,51,520,0,470,0
2004,51,492,0,520,0
2005,51,498,0,492,0
2006,51,479,0,498,0
2007,51,645,0,479,0
2008,51,638,0,645,0
2009,51,613,0,638,0
2010,51,556,0,613,0
2011,51,595,0,556,0
2012,51,626,0,595,0
2013,51,747,0,626,0
2014,51,870,0,747,0
2015,51,1059,0,870,0
2016,51,1437,0,1059,0
2017,51,1761,0,1437,0
2018,51,2124,0,1761,0
2019,51,2351,0,2124,0
2020,51,2419,0,2351,0
2021,51,2607,0,2419,0
2022,51,1706,0,2607,0
2023,51,1840,0,1706,0
2024,51,2055,0,1840,0
2025,51,2105,0,2055,0
2000,52,0,0,0,0
2001,52,5,0,0,0
2002,52,6,0,5,0
2003,52,17,0,6,0
2004,52,24,0,17,0
2005,52,30,0,24,0
2006,52,49,0,30,0
2007,52,58,0,49,0
2008,52,56,0,58,0
2009,52,51,0,56,0
2010,52,51,0,51,0
2011,52,49,0,51,0
2012,52,52,0,49,0
2013,52,41,0,52,0
2014,52,35,0,41,0
2015,52,35,0,35,0
2016,52,20,0,35,0
2017,52,26,0,20,0
2018,52,36,0,26,0
2019,52,50,0,36,0
2020,52,55,0,50,0
2021,52,54,0,55,0
2022,52,57,0,54,0
2023,52,73,0,57,0
2024,52,88,0,73,0
2025,52,90,0,88,0
1978,53,50,0,0,0
1994,53,30,0,50,0
1995,53,30,0,30,0
1996,53,29,0,30,0
1997,53,50,0,29,0
1998,53,42,0,50,0
1999,53,45,0,42,0
2000,53,48,0,45,0
2001,53,45,0,48,0
2002,53,82,0,45,0
2003,53,89,0,82,0
2004,53,93,0,89,0
2005,53,62,0,93,0
2006,53,141,0,62,0
2007,53,352,0,141,0
2008,53,313,0,352,0
2009,53,222,0,313,0
2010,53,238,0,222,0
2011,53,239,0,238,0
2012,53,280,0,239,0
2013,53,298,0,280,0
2014,53,348,0,298,0
2015,53,382,0,348,0
2016,53,359,0,382,0
2017,53,427,0,359,0
2018,53,472,0,427,0
2019,53,546,0,472,0
2020,53,550,0,546,0
2021,53,635,0,550,0
2022,53,719,0,635,0
2023,53,886,0,719,0
2024,53,1080,0,886,0
2025,53,1021,0,1080,0
1990,54,5,0,0,0
1991,54,27,0,5,0
1992,54,38,0,27,0
1993,54,48,0,38,0
1994,54,174,0,48,0
1995,54,203,0,174,0
1996,54,216,0,203,0
1997,54,215,0,216,0
1998,54,507,0,215,0
1999,54,492,0,507,0
2000,54,669,0,492,0
2001,54,649,0,669,0
2002,54,815,0,649,0
2003,54,720,0,815,0
2004,54,718,0,720,0
2005,54,772,0,718,0
2006,54,878,0,772,0
2007,54,1329,0,878,0
2008,54,1063,0,1329,0
2009,54,1029,0,1063,0
2010,54,859,0,1029,0
2011,54,912,0,859,0
2012,54,848,0,912,0
2013,54,711,0,848,0
2014,54,807,0,711,0
2015,54,1006,0,807,0
2016,54,1041,0,1006,0
2017,54,1251,0,1041,0
2018,54,1424,0,1251,0
2019,54,1644,0,1424,0
2020,54,1689,0,1644,0
2021,54,1825,0,1689,0
2022,54,3205,0,1825,0
2023,54,4244,0,3205,0
2024,54,5015,0,4244,0
2025,54,5133,0,5015,0
1974,55,1000,0,0,0
1975,55,90000,0,1000,0
1976,55,90000,0,90000,0
1977,55,120000,0,90000,0
1978,55,90000,0,120000,0
1979,55,40000,0,90000,0
1980,55,38000,0,40000,0
1981,55,18000,0,38000,0
1982,55,18000,0,18000,0
1991,55,60,0,18000,0
1992,55,115,0,60,0
1993,55,214,0,115,0
1994,55,340,0,214,0
1995,55,342,0,340,0
1996,55,398,0,342,0
1997,55,474,0,398,0
1998,55,419,0,474,0
1999,55,422,0,419,0
2000,55,504,0,422,0
2001,55,526,0,504,0
2002,55,549,0,526,0
2003,55,584,0,549,0
2004,55,540,0,584,0
2005,55,478,0,540,0
2006,55,460,0,478,0
2007,55,402,0,460,0
2008,55,381,0,402,0
2009,55,341,0,381,0
2010,55,306,0,341,0
2011,55,261,0,306,0
2012,55,230,0,261,0
2013,55,196,0,230,0
2014,55,168,0,196,0
2015,55,142,0,168,0
2016,55,131,0,142,0
2017,55,127,0,131,0
2018,55,140,0,127,0
2019,55,156,0,140,0
2020,55,145,0,156,0
2021,55,168,0,145,0
2022,55,361,0,168,0
2023,55,389,0,361,0
2024,55,426,0,389,0
2025,55,433,0,426,0
1979,56,400,0,0,0
1980,56,542,0,400,0
1981,56,1542,0,542,0
1982,56,1585,0,1542,0
1983,56,1385,0,1585,0
1984,56,1385,0,1385,0
1985,56,1385,0,1385,0
1986,56,177,0,1385,0
1987,56,167,0,177,0
1988,56,133,0,167,0
1989,56,43,0,133,0
1990,56,43,0,43,0
1991,56,500633,0,43,0
1992,56,503200,0,500633,0
1993,56,427208,0,503200,0
1994,56,422432,0,427208,0
1995,56,286711,0,422432,0
1996,56,332222,0,286711,0
1997,56,319076,0,332222,0
1998,56,346779,0,319076,0
1999,56,347134,0,346779,0
2000,56,376847,1100000,347134,0
2001,56,333222,0,376847,1100000
2002,56,318158,0,333222,0
2003,56,124111,0,318158,0
2004,56,131108,0,124111,0
2005,56,144062,0,131108,0
2006,56,193738,0,144062,0
2007,56,208742,0,193738,0
2008,56,186384,0,208742,0
2009,56,209159,0,186384,0
2010,56,222452,0,209159,0
2011,56,251936,0,222452,0
2012,56,285356,0,251936,0
2013,56,308210,0,285356,0
2014,56,363081,0,308210,0
2015,56,407428,0,363081,0
2016,56,457247,0,407428,0
2017,56,486209,0,457247,0
2018,56,507260,0,486209,0
2019,56,504300,0,507260,0
2020,56,524738,0,504300,0
2021,56,511911,0,524738,0
2022,56,512674,0,511911,0
2023,56,559853,0,512674,0
2024,56,551296,0,559853,0
2025,56,560146,0,551296,0
1992,57,59,0,0,0
1993,57,95,0,59,0
1994,57,296,0,95,0
1995,57,350,0,296,0
1996,57,1309,0,350,0
1997,57,1265,0,1309,0
1998,57,792,0,1265,0
1999,57,634,0,792,0
2000,57,460,0,634,0
2001,57,483,0,460,0
2002,57,1058,0,483,0
2003,57,1021,0,1058,0
2004,57,849,0,1021,0
2005,57,738,0,849,0
2006,57,622,0,738,0
2007,57,258,0,622,0
2008,57,248,0,258,0
2009,57,249,0,248,0
2010,57,242,0,249,0
2011,57,225,0,242,0
2012,57,455,0,225,0
2013,57,349,0,455,0
2014,57,340,0,349,0
2015,57,315,0,340,0
2016,57,303,0,315,0
2017,57,288,0,303,0
2018,57,281,0,288,0
2019,57,274,0,281,0
2020,57,277,0,274,0
2021,57,271,0,277,0
2022,57,45,0,271,0
2023,57,60,0,45,0
2024,57,126,0,60,0
2025,57,118,0,126,0
1967,58,28600,0,0,0
1968,58,31000,0,28600,0
1969,58,31000,0,31000,0
1970,58,54350,0,31000,0
1971,58,55200,0,54350,0
1972,58,44640,0,55200,0
1973,58,46300,0,44640,0
1974,58,49200,0,46300,0
1975,58,91410,0,49200,0
1976,58,105700,0,91410,0
1977,58,655350,0,105700,0
1978,58,887670,0,655350,0
1979,58,1623870,0,887670,0
1980,58,2567998,0,1623870,0
1981,58,1363266,0,2567998,0
1982,58,1334915,0,1363266,0
1983,58,1351917,0,1334915,0
1984,58,1546134,0,1351917,0
1985,58,1749309,0,1546134,0
1986,58,1534548,0,1749309,0
1987,58,1487663,0,1534548,0
1988,58,1513307,0,1487663,0
1989,58,1474919,0,1513307,0
1990,58,1345928,0,1474919,0
1991,58,251243,0,1345928,0
1992,58,313131,0,251243,0
1993,58,251828,0,313131,0
1994,58,226429,0,251828,0
1995,58,100986,0,226429,0
1996,58,96264,0,100986,0
1997,58,84386,0,96264,0
1998,58,70663,0,84386,0
1999,58,71040,0,70663,0
2000,58,66396,0,71040,0
2001,58,58980,0,66396,0
2002,58,61230,0,58980,0
2003,58,62674,0,61230,0
2004,58,63148,0,62674,0
2005,58,65442,0,63148,0
2006,58,74000,0,65442,0
2007,58,59840,0,74000,0
2008,58,63863,0,59840,0
2009,58,62877,0,63863,0
2010,58,68833,0,62877,0
2011,58,70601,0,68833,0
2012,58,74964,0,70601,0
2013,58,77109,0,74964,0
2014,58,86857,0,77109,0
2015,58,85839,0,86857,0
2016,58,83958,0,85839,0
2017,58,87448,1078429,83958,0
2018,58,92232,2615800,87448,1078429
2019,58,93467,1733628,92232,2615800
2020,58,151421,2733628,93467,1733628
2021,58,149123,3646267,151421,2733628
2022,58,149597,2730000,149123,3646267
2023,58,158338,2561497,149597,2730000
2024,58,164423,2272533,158338,2561497
2025,58,166227,1838334,164423,2272533
1992,59,5,0,0,0
1993,59,5,0,5,0
1994,59,5,0,5,0
1995,59,5,0,5,0
1996,59,5,0,5,0
1997,59,5,0,5,0
1998,59,5,0,5,0
1999,59,5,0,5,0
2017,59,0,0,5,0
2018,59,0,0,0,0
2019,59,0,0,0,0
2020,59,0,0,0,0
2021,59,0,0,0,0
2022,59,11,0,0,0
2023,59,28,0,11,0
2024,59,33,0,28,0
2025,59,40,0,33,0
1960,6,150000,0,0,0
1961,6,150000,0,150000,0
1962,6,170000,0,150000,0
1963,6,175000,0,170000,0
1964,6,200000,0,175000,0
1965,6,220000,0,200000,0
1966,6,303800,0,220000,0
1967,6,356200,0,303800,0
1968,6,381360,0,356200,0
1969,6,408190,0,381360,0
1970,6,414120,0,408190,0
1971,6,419690,0,414120,0
1972,6,421500,0,419690,0
1973,6,426550,0,421500,0
1974,6,497390,0,426550,0
1975,6,501830,0,497390,0
1976,6,499190,0,501830,0
1977,6,529830,0,499190,0
1978,6,646110,0,529830,0
1979,6,652980,0,646110,0
1980,6,449030,0,652980,0
1981,6,457060,0,449030,0
1982,6,465890,0,457060,0
1983,6,298110,0,465890,0
1984,6,357821,0,298110,0
1985,6,317392,0,357821,0
1986,6,355412,0,317392,0
1987,6,391733,0,355412,0
1988,6,407566,0,391733,0
1989,6,408692,0,407566,0
1990,6,407760,0,408692,0
1991,6,381638,0,407760,0
1992,6,300494,0,381638,0
1993,6,323822,88000,300494,0
1994,6,282570,303800,323822,88000
1995,6,246653,0,282570,303800
1996,6,249686,0,246653,0
1997,6,267687,0,249686,0
1998,6,319420,0,267687,0
1999,6,353472,0,319420,0
2000,6,433756,257508,353472,0
2001,6,470616,202000,433756,257508
2002,6,435415,188728,470616,202000
2003,6,329573,0,435415,188728
2004,6,228842,0,329573,0
2005,6,215811,0,228842,0
2006,6,206482,0,215811,0
2007,6,186137,0,206482,0
2008,6,171374,0,186137,0
2009,6,141006,0,171374,0
2010,6,134851,0,141006,0
2011,6,128657,0,134851,0
2012,6,19253,0,128657,0
2013,6,10274,0,19253,0
2014,6,9468,0,10274,0
2015,6,11855,0,9468,0
2016,6,8388,0,11855,0
2017,6,8292,0,8388,0
2018,6,8243,0,8292,0
2019,6,8176,0,8243,0
2020,6,8196,0,8176,0
2021,6,11403,0,8196,0
2022,6,12021,0,11403,0
2023,6,11506,0,12021,0
2024,6,12545,0,11506,0
2025,6,12259,0,12545,0
1992,60,19,0,0,0
1993,60,89,0,19,0
1994,60,156,0,89,0
1995,60,222,0,156,0
1996,60,305,0,222,0
1997,60,326,0,305,0
1998,60,301,0,326,0
1999,60,328,0,301,0
2000,60,401,0,328,0
2001,60,731,0,401,0
2002,60,1071,0,731,0
2003,60,1088,0,1071,0
2004,60,1280,0,1088,0
2005,60,1376,0,1280,0
2006,60,1681,0,1376,0
2007,60,1824,0,1681,0
2008,60,1862,0,1824,0
2009,60,1888,0,1862,0
2010,60,1849,0,1888,0
2011,60,1576,0,1849,0
2012,60,1314,0,1576,0
2013,60,1109,0,1314,0
2014,60,927,0,1109,0
2015,60,887,0,927,0
2016,60,791,0,887,0
2017,60,734,0,791,0
2018,60,675,0,734,0
2019,60,591,0,675,0
2020,60,516,0,591,0
2021,60,414,0,516,0
2022,60,336,0,414,0
2023,60,207,0,336,0
2024,60,248,0,207,0
2025,60,276,0,248,0
1998,61,5,0,0,0
1999,61,5,0,5,0
2000,61,5,0,5,0
2001,61,0,0,5,0
2002,61,8,0,0,0
2003,61,6,0,8,0
2004,61,0,0,6,0
2005,61,5,0,0,0
2006,61,10,0,5,0
2007,61,5,0,10,0
2009,61,6,0,5,0
2010,61,6,0,6,0
2011,61,6,0,6,0
2012,61,5,0,6,0
2013,61,5,0,5,0
2014,61,5,0,5,0
2015,61,10,0,5,0
2016,61,5,0,10,0
2017,61,5,0,5,0
2018,61,5,0,5,0
2019,61,0,0,5,0
2021,61,5,0,0,0
2022,61,0,0,5,0
2023,61,0,0,0,0
2024,61,5,0,0,0
2025,61,5,0,5,0
2005,62,0,0,0,0
2024,62,0,0,0,0
2025,62,0,0,0,0
1994,64,20,0,0,0
1995,64,14,0,20,0
1996,64,46,0,14,0
1997,64,60,0,46,0
1998,64,62,0,60,0
1999,64,60,0,62,0
2000,64,74,0,60,0
2001,64,41,0,74,0
2002,64,92,0,41,0
2003,64,110,0,92,0
2004,64,112,0,110,0
2005,64,286,0,112,0
2006,64,79,0,286,0
2007,64,99,0,79,0
2008,64,97,0,99,0
2009,64,80,0,97,0
2010,64,90,0,80,0
2011,64,92,0,90,0
2012,64,94,0,92,0
2013,64,92,0,94,0
2014,64,84,0,92,0
2015,64,90,0,84,0
2016,64,50,0,90,0
2017,64,54,0,50,0
2018,64,59,0,54,0
2019,64,50,0,59,0
2020,64,49,0,50,0
2021,64,38,0,49,0
2022,64,65,0,38,0
2023,64,50,0,65,0
2024,64,139,0,50,0
2025,64,78,0,139,0
2002,66,0,0,0,0
2003,66,0,0,0,0
2004,66,0,0,0,0
2015,66,0,0,0,0
2022,66,0,0,0,0
2024,66,0,0,0,0
2025,66,0,0,0,0
1992,67,17,0,0,0
1993,67,17,0,17,0
1994,67,22,0,17,0
1995,67,27,0,22,0
1996,67,22,0,27,0
1997,67,17,0,22,0
1998,67,27,0,17,0
1999,67,27,0,27,0
2000,67,27,0,27,0
2001,67,24,0,27,0
2002,67,34,0,24,0
2003,67,37,0,34,0
2004,67,50,0,37,0
2005,67,78,0,50,0
2006,67,96,0,78,0
2007,67,116,0,96,0
2008,67,132,0,116,0
2009,67,145,0,132,0
2010,67,167,0,145,0
2011,67,180,0,167,0
2012,67,189,0,180,0
2013,67,180,0,189,0
2014,67,179,0,180,0
2015,67,174,0,179,0
2016,67,167,0,174,0
2017,67,216,0,167,0
2018,67,342,0,216,0
2019,67,440,0,342,0
2020,67,454,0,440,0
2021,67,620,0,454,0
2022,67,772,0,620,0
2023,67,866,0,772,0
2024,67,948,0,866,0
2025,67,932,0,948,0
1990,68,5,0,0,0
1991,68,16,0,5,0
1992,68,25,0,16,0
1993,68,27,0,25,0
1994,68,24,0,27,0
1995,68,156,0,24,0
1996,68,308,0,156,0
1997,68,421,0,308,0
1998,68,574,0,421,0
1999,68,678,0,574,0
2000,68,751,0,678,0
2001,68,732,0,751,0
2002,68,858,0,732,0
2003,68,744,0,858,0
2004,68,684,0,744,0
2005,68,1680,0,684,0
2006,68,1249,0,1680,0
2007,68,1257,0,1249,0
2008,68,1336,0,1257,0
2009,68,1966,0,1336,0
2010,68,2233,0,1966,0
2011,68,2572,0,2233,0
2012,68,3063,0,2572,0
2013,68,3382,0,3063,0
2014,68,5117,0,3382,0
2015,68,8473,0,5117,0
2016,68,11589,0,8473,0
2017,68,14564,0,11589,0
2018,68,17237,0,14564,0
2019,68,17813,0,17237,0
2020,68,10579,0,17813,0
2021,68,11042,0,10579,0
2022,68,10698,0,11042,0
2023,68,8107,0,10698,0
2024,68,8140,0,8107,0
2025,68,7960,0,8140,0
1976,69,3200,0,0,0
1982,69,9800,0,3200,0
1983,69,9110,0,9800,0
1985,69,31640,0,9110,0
1986,69,52705,0,31640,0
1987,69,2005,0,52705,0
1988,69,5014,0,2005,0
1989,69,8041,0,5014,0
1990,69,8521,0,8041,0
1991,69,65177,0,8521,0
1992,69,95343,0,65177,0
1993,69,81472,0,95343,0
1994,69,82559,0,81472,0
1995,69,72762,0,82559,0
1996,69,80202,0,72762,0
1997,69,76812,0,80202,0
1998,69,77517,0,76812,0
1999,69,100602,0,77517,0
2000,69,110641,0,100602,0
2001,69,349158,0,110641,0
2002,69,428775,0,349158,0
2003,69,350562,0,428775,0
2004,69,349827,0,350562,0
2005,69,349663,0,349827,0
2006,69,334127,0,349663,0
2007,69,341231,0,334127,0
2008,69,340004,0,341231,0
2009,69,95185,0,340004,0
2010,69,93304,0,95185,0
2011,69,94133,0,93304,0
2012,69,94908,0,94133,0
2013,69,96026,0,94908,0
2014,69,97199,0,96026,0
2015,69,98013,0,97199,0
2016,69,97794,0,98013,0
2017,69,99630,0,97794,0
2018,69,100728,0,99630,0
2019,69,96253,0,100728,0
2020,69,100148,0,96253,0
2021,69,103576,0,100148,0
2022,69,104302,0,103576,0
2023,69,41077,0,104302,0
2024,69,43712,0,41077,0
2025,69,46503,0,43712,0
2000,7,0,0,0,0
2001,7,5,0,0,0
2002,7,5,0,5,0
2003,7,5,0,5,0
2004,7,13,0,5,0
2005,7,13,0,13,0
2006,7,18,0,13,0
2007,7,24,0,18,0
2008,7,25,0,24,0
2009,7,27,0,25,0
2010,7,28,0,27,0
2011,7,32,0,28,0
2012,7,45,0,32,0
2013,7,50,0,45,0
2014,7,53,0,50,0
2015,7,56,0,53,0
2016,7,82,0,56,0
2017,7,99,0,82,0
2018,7,107,0,99,0
2019,7,117,0,107,0
2020,7,108,0,117,0
2021,7,105,0,108,0
2022,7,58,0,105,0
2023,7,67,0,58,0
2024,7,91,0,67,0
2025,7,74,0,91,0
1994,70,106,0,0,0
1995,70,75,0,106,0
1996,70,69,0,75,0
1997,70,75,0,69,0
1998,70,88,0,75,0
1999,70,102,0,88,0
2000,70,109,0,102,0
2001,70,104,0,109,0
2002,70,158,0,104,0
2003,70,146,0,158,0
2004,70,141,0,146,0
2005,70,134,0,141,0
2006,70,170,0,134,0
2007,70,198,0,170,0
2008,70,182,0,198,0
2009,70,155,0,182,0
2010,70,152,0,155,0
2011,70,150,0,152,0
2012,70,150,0,150,0
2013,70,140,0,150,0
2014,70,137,0,140,0
2015,70,128,0,137,0
2016,70,78,0,128,0
2017,70,85,0,78,0
2018,70,84,0,85,0
2019,70,69,0,84,0
2020,70,62,0,69,0
2021,70,81,0,62,0
2022,70,217,0,81,0
2023,70,210,0,217,0
2024,70,417,0,210,0
2025,70,341,0,417,0
1993,71,6010,260000,0,0
1994,71,5114,280000,6010,260000
1995,71,305,272400,5114,280000
1996,71,48485,272359,305,272400
1997,71,47159,273386,48485,272359
1998,71,35665,277006,47159,273386
1999,71,29873,278533,35665,277006
2000,71,21818,272101,29873,278533
2001,71,17490,264221,21818,272101
2002,71,16970,261583,17490,264221
2003,71,12488,260215,16970,261583
2004,71,6620,237069,12488,260215
2005,71,7289,234249,6620,237069
2006,71,6337,245980,7289,234249
2007,71,11805,273193,6337,245980
2008,71,12597,329870,11805,273193
2009,71,15015,352640,12597,329870
2010,71,10636,359716,15015,352640
2011,71,10115,273997,10636,359716
2012,71,9266,279778,10115,273997
2013,71,6787,257611,9266,279778
2014,71,6687,262704,6787,257611
2015,71,6505,268416,6687,262704
2016,71,6405,273765,6505,268416
2017,71,6535,278103,6405,273765
2018,71,6983,282382,6535,278103
2019,71,7519,286216,6983,282382
2020,71,7346,288538,7519,286216
2021,71,9754,290156,7346,288538
2022,71,13389,292856,9754,290156
2023,71,14695,295831,13389,292856
2024,71,16554,299172,14695,295831
2025,71,16736,299498,16554,299172
1991,72,5,0,0,0
1992,72,5,0,5,0
1993,72,8,0,5,0
1994,72,449,0,8,0
1995,72,384,0,449,0
1996,72,421,0,384,0
1997,72,443,0,421,0
1998,72,689,0,443,0
1999,72,1297,0,689,0
2000,72,1182,0,1297,0
2001,72,1028,0,1182,0
2002,72,924,0,1028,0
2003,72,719,0,924,0
2004,72,74,0,719,0
2005,72,75,0,74,0
2006,72,114,0,75,0
2007,72,126,0,114,0
2008,72,162,0,126,0
2009,72,167,0,162,0
2010,72,159,0,167,0
2011,72,169,0,159,0
2012,72,174,0,169,0
2013,72,164,0,174,0
2014,72,170,0,164,0
2015,72,153,0,170,0
2016,72,67,0,153,0
2017,72,66,0,67,0
2018,72,61,0,66,0
2019,72,69,0,61,0
2020,72,71,0,69,0
2021,72,59,0,71,0
2022,72,162,0,59,0
2023,72,209,0,162,0
2024,72,348,0,209,0
2025,72,325,0,348,0
1961,73,5000,0,0,0
1962,73,5000,0,5000,0
1963,73,5000,0,5000,0
1964,73,5000,0,5000,0
1965,73,5000,0,5000,0
1966,73,0,0,5000,0
1982,73,310,0,0,0
1983,73,1958,0,310,0
1984,73,2202,0,1958,0
1985,73,3195,0,2202,0
1986,73,2699,0,3195,0
1987,73,3916,0,2699,0
1988,73,4769,0,3916,0
1989,73,4716,0,4769,0
1990,73,4690,0,4716,0
1991,73,4702,0,4690,0
1992,73,4776,0,4702,0
1993,73,4471,0,4776,0
1994,73,14284,174400,4471,0
1995,73,13594,0,14284,174400
1996,73,15095,0,13594,0
1997,73,14772,0,15095,0
1998,73,13625,0,14772,0
1999,73,13288,0,13625,0
2000,73,14760,0,13288,0
2001,73,14547,0,14760,0
2002,73,15675,0,14547,0
2003,73,15866,0,15675,0
2004,73,14759,0,15866,0
2005,73,18421,0,14759,0
2006,73,9949,0,18421,0
2007,73,5042,0,9949,0
2008,73,13225,0,5042,0
2009,73,14876,0,13225,0
2010,73,20175,0,14876,0
2011,73,20333,0,20175,0
2012,73,24269,0,20333,0
2013,73,21048,0,24269,0
2014,73,22116,0,21048,0
2015,73,22962,0,22116,0
2016,73,15527,0,22962,0
2017,73,16959,0,15527,0
2018,73,18071,0,16959,0
2019,73,18432,0,18071,0
2020,73,13844,0,18432,0
2021,73,14251,0,13844,0
2022,73,14949,0,14251,0
2023,73,13870,0,14949,0
2024,73,15078,0,13870,0
2025,73,15067,0,15078,0
2002,74,0,0,0,0
1963,75,6000,0,0,0
1964,75,30000,0,6000,0
1965,75,50000,0,30000,0
1966,75,61050,0,50000,0
1967,75,59520,0,61050,0
1968,75,56740,0,59520,0
1969,75,67800,0,56740,0
1970,75,66660,0,67800,0
1971,75,80000,0,66660,0
1972,75,82000,0,80000,0
1973,75,84000,0,82000,0
1974,75,90000,0,84000,0
1975,75,46000,0,90000,0
1976,75,37000,0,46000,0
1977,75,5000,0,37000,0
1978,75,5000,0,5000,0
1979,75,5000,0,5000,0
1980,75,5000,0,5000,0
1981,75,4000,0,5000,0
1982,75,5000,0,4000,0
1983,75,5000,0,5000,0
1984,75,5010,0,5000,0
1985,75,5350,0,5010,0
1986,75,5355,0,5350,0
1987,75,5000,0,5355,0
1988,75,4999,0,5000,0
1989,75,5001,0,4999,0
1990,75,5001,0,5001,0
1991,75,5006,0,5001,0
1992,75,5006,0,5006,0
1993,75,5006,0,5006,0
1994,75,5011,0,5006,0
1995,75,830,0,5011,0
1996,75,854,0,830,0
1997,75,865,0,854,0
1998,75,8885,195550,865,0
1999,75,3187,0,8885,195550
2000,75,880,0,3187,0
2001,75,917,0,880,0
2002,75,978,0,917,0
2003,75,969,0,978,0
2004,75,1008,0,969,0
2005,75,1042,0,1008,0
2006,75,1000,0,1042,0
2007,75,1018,0,1000,0
2008,75,1053,0,1018,0
2009,75,1100,0,1053,0
2010,75,1117,0,1100,0
2011,75,1118,0,1117,0
2012,75,1173,0,1118,0
2013,75,1222,0,1173,0
2014,75,1306,0,1222,0
2015,75,1472,0,1306,0
2016,75,1650,0,1472,0
2017,75,1870,0,1650,0
2018,75,2043,0,1870,0
2019,75,2093,0,2043,0
2020,75,1638,0,2093,0
2021,75,2039,0,1638,0
2022,75,2037,0,2039,0
2023,75,1859,0,2037,0
2024,75,1900,0,1859,0
2025,75,1910,0,1900,0
1965,76,17690,0,0,0
1966,76,7090,0,17690,0
1967,76,23420,0,7090,0
1968,76,21820,0,23420,0
1969,76,21590,0,21820,0
1970,76,21290,0,21590,0
1971,76,1480,0,21290,0
1972,76,6610,0,1480,0
1973,76,5900,0,6610,0
1974,76,580,0,5900,0
1975,76,510,0,580,0
1976,76,450,0,510,0
1977,76,410,0,450,0
1978,76,380,0,410,0
1979,76,360,0,380,0
1980,76,340,0,360,0
1981,76,320,0,340,0
1982,76,300,0,320,0
1983,76,280,0,300,0
1984,76,260,0,280,0
1988,76,6,0,260,0
1989,76,6,0,6,0
1990,76,16,0,6,0
1991,76,6,0,16,0
1994,76,93,0,6,0
1995,76,221,0,93,0
1996,76,247,0,221,0
1997,76,175,0,247,0
1998,76,173,0,175,0
1999,76,163,0,173,0
2000,76,124,0,163,0
2001,76,93,0,124,0
2002,76,296,0,93,0
2003,76,268,0,296,0
2004,76,221,0,268,0
2005,76,333,0,221,0
2006,76,93,0,333,0
2007,76,92,0,93,0
2008,76,67,0,92,0
2009,76,61,0,67,0
2010,76,52,0,61,0
2011,76,54,0,52,0
2012,76,48,0,54,0
2013,76,88,0,48,0
2014,76,108,0,88,0
2015,76,111,0,108,0
2016,76,101,0,111,0
2017,76,106,0,101,0
2018,76,107,0,106,0
2019,76,95,0,107,0
2020,76,90,0,95,0
2021,76,87,0,90,0
2022,76,125,0,87,0
2023,76,102,0,125,0
2024,76,97,0,102,0
2025,76,101,0,97,0
1988,77,9,0,0,0
1989,77,5,0,9,0
1990,77,5,0,5,0
1991,77,5,0,5,0
1994,77,5,0,5,0
1995,77,6,0,5,0
1996,77,10,0,6,0
1997,77,11,0,10,0
1998,77,19,0,11,0
1999,77,35,0,19,0
2000,77,23,0,35,0
2001,77,53,0,23,0
2002,77,73,0,53,0
2003,77,76,0,73,0
2004,77,98,0,76,0
2005,77,151,0,98,0
2006,77,199,0,151,0
2007,77,293,0,199,0
2008,77,310,0,293,0
2009,77,332,0,310,0
2010,77,344,0,332,0
2011,77,325,0,344,0
2012,77,316,0,325,0
2013,77,330,0,316,0
2014,77,324,0,330,0
2015,77,270,0,324,0
2016,77,100,0,270,0
2017,77,103,0,100,0
2018,77,96,0,103,0
2019,77,80,0,96,0
2020,77,70,0,80,0
2021,77,52,0,70,0
2022,77,51,0,52,0
2023,77,70,0,51,0
2024,77,100,0,70,0
2025,77,92,0,100,0
1980,78,750,0,0,0
1981,78,1910,0,750,0
1982,78,36490,0,1910,0
1983,78,41800,0,36490,0
1984,78,47880,0,41800,0
1985,78,52890,0,47880,0
1986,78,52800,0,52890,0
1987,78,53700,0,52800,0
1988,78,53753,0,53700,0
1989,78,45413,0,53753,0
1990,78,47988,0,45413,0
1991,78,52584,0,47988,0
1992,78,53940,0,52584,0
1993,78,50265,0,53940,0
1994,78,49606,8000,50265,0
1995,78,42901,13700,49606,8000
1996,78,40341,11200,42901,13700
1997,78,37506,1650,40341,11200
1998,78,32745,0,37506,1650
1999,78,28082,0,32745,0
2000,78,20709,0,28082,0
2001,78,16868,0,20709,0
2002,78,13892,0,16868,0
2003,78,6696,0,13892,0
2004,78,4374,0,6696,0
2005,78,3376,0,4374,0
2006,78,6493,0,3376,0
2007,78,6157,0,6493,0
2008,78,5927,0,6157,0
2009,78,5763,0,5927,0
2010,78,5675,0,5763,0
2011,78,6087,0,5675,0
2012,78,6389,0,6087,0
2013,78,6620,0,6389,0
2014,78,7487,0,6620,0
2015,78,10284,0,7487,0
2016,78,12549,0,10284,0
2017,78,16284,0,12549,0
2018,78,19128,0,16284,0
2019,78,22770,0,19128,0
2020,78,24544,0,22770,0
2021,78,26927,0,24544,0
2022,78,30259,0,26927,0
2023,78,34010,0,30259,0
2024,78,36323,0,34010,0
2025,78,36901,573000,36323,0
1971,79,300,0,0,0
1975,79,300000,0,300,0
1976,79,500000,0,300000,0
1977,79,3000,0,500000,0
1982,79,50,0,3000,0
1984,79,70,0,50,0
1986,79,50,0,70,0
1987,79,50,0,50,0
1988,79,50,0,50,0
1989,79,50,0,50,0
1990,79,0,0,50,0
1992,79,16,0,0,0
1993,79,27,0,16,0
1994,79,101,0,27,0
1995,79,441,0,101,0
1996,79,520,0,441,0
1997,79,641,0,520,0
1998,79,911,0,641,0
1999,79,1148,0,911,0
2000,79,1489,0,1148,0
2001,79,2009,0,1489,0
2002,79,3417,0,2009,0
2003,79,3868,0,3417,0
2004,79,4777,0,3868,0
2005,79,5816,0,4777,0
2006,79,6830,0,5816,0
2007,79,8269,0,6830,0
2008,79,9481,0,8269,0
2009,79,10912,0,9481,0
2010,79,11978,0,10912,0
2011,79,13164,0,11978,0
2012,79,14062,0,13164,0
2013,79,14559,0,14062,0
2014,79,15247,0,14559,0
2015,79,16995,0,15247,0
2016,79,17536,0,16995,0
2017,79,20333,0,17536,0
2018,79,23493,0,20333,0
2019,79,26857,0,23493,0
2020,79,26792,0,26857,0
2021,79,34403,0,26792,0
2022,79,35244,0,34403,0
2023,79,38585,0,35244,0
2024,79,42096,0,38585,0
2025,79,44649,0,42096,0
1978,8,50,0,0,0
1981,8,5,0,50,0
1982,8,5,0,5,0
1983,8,6,0,5,0
1984,8,6,0,6,0
1985,8,7,0,6,0
1986,8,8,0,7,0
1987,8,8,0,8,0
1988,8,14,0,8,0
1989,8,13,0,14,0
1990,8,50,0,13,0
1991,8,98,0,50,0
1992,8,210,0,98,0
1993,8,257,0,210,0
1994,8,501,0,257,0
1995,8,870,0,501,0
1996,8,1198,0,870,0
1997,8,1720,0,1198,0
1998,8,2606,0,1720,0
1999,8,3486,0,2606,0
2000,8,3954,0,3486,0
2001,8,4677,0,3954,0
2002,8,6442,0,4677,0
2003,8,5734,0,6442,0
2004,8,5361,0,5734,0
2005,8,6288,0,5361,0
2006,8,7608,0,6288,0
2007,8,6789,0,7608,0
2008,8,6777,0,6789,0
2009,8,6983,0,6777,0
2010,8,6897,0,6983,0
2011,8,7916,0,6897,0
2012,8,10014,0,7916,0
2013,8,12804,0,10014,0
2014,8,15891,0,12804,0
2015,8,17924,0,15891,0
2016,8,19792,0,17924,0
2017,8,22101,0,19792,0
2018,8,24845,0,22101,0
2019,8,27411,0,24845,0
2020,8,26538,0,27411,0
2021,8,27485,0,26538,0
2022,8,24377,0,27485,0
2023,8,23141,0,24377,0
2024,8,23717,0,23141,0
2025,8,24136,0,23717,0
1994,80,69,0,0,0
1995,80,59,0,69,0
1996,80,54,0,59,0
1997,80,37,0,54,0
1998,80,38,0,37,0
1999,80,47,0,38,0
2000,80,35,0,47,0
2001,80,36,0,35,0
2002,80,50,0,36,0
2003,80,75,0,50,0
2004,80,191,0,75,0
2005,80,405,0,191,0
2006,80,535,0,405,0
2007,80,676,0,535,0
2008,80,707,0,676,0
2009,80,724,0,707,0
2010,80,746,0,724,0
2011,80,768,0,746,0
2012,80,800,0,768,0
2013,80,800,0,800,0
2014,80,700,0,800,0
2015,80,508,0,700,0
2016,80,269,0,508,0
2017,80,260,0,269,0
2018,80,283,0,260,0
2019,80,284,0,283,0
2020,80,267,0,284,0
2021,80,285,0,267,0
2022,80,250,0,285,0
2023,80,248,0,250,0
2024,80,313,0,248,0
2025,80,295,0,313,0
1974,81,1000,0,0,0
1978,81,300,0,1000,0
1979,81,3300,0,300,0
1980,81,3800,0,3300,0
1981,81,5000,0,3800,0
1982,81,5000,0,5000,0
1983,81,5230,0,5000,0
1984,81,5440,0,5230,0
1985,81,6100,0,5440,0
1986,81,5120,0,6100,0
1987,81,5080,0,5120,0
1988,81,4699,0,5080,0
1989,81,3344,0,4699,0
1990,81,2092,0,3344,0
1991,81,1857,0,2092,0
1992,81,2483,0,1857,0
1993,81,3861,0,2483,0
1994,81,9800,0,3861,0
1995,81,13927,0,9800,0
1996,81,15119,0,13927,0
1997,81,15479,0,15119,0
1998,81,13539,0,15479,0
1999,81,8768,0,13539,0
2000,81,7564,0,8768,0
2001,81,7246,0,7564,0
2002,81,7722,0,7246,0
2003,81,7550,0,7722,0
2004,81,9209,0,7550,0
2005,81,13538,0,9209,0
2006,81,20834,0,13538,0
2007,81,22275,0,20834,0
2008,81,23059,0,22275,0
2009,81,24110,0,23059,0
2010,81,25886,0,24110,0
2011,81,33652,0,25886,0
2012,81,38559,0,33652,0
2013,81,38644,0,38559,0
2014,81,37147,0,38644,0
2015,81,34762,0,37147,0
2016,81,29671,0,34762,0
2017,81,28424,0,29671,0
2018,81,27517,0,28424,0
2019,81,26734,0,27517,0
2020,81,25649,0,26734,0
2021,81,29454,0,25649,0
2022,81,30307,0,29454,0
2023,81,122139,313901,30307,0
2024,81,148252,1037463,122139,313901
2025,81,157574,1280841,148252,1037463
1994,82,0,0,0,0
1995,82,0,0,0,0
1996,82,0,0,0,0
1997,82,0,0,0,0
1998,82,0,0,0,0
1999,82,0,0,0,0
2000,82,0,0,0,0
2001,82,0,0,0,0
2002,82,0,0,0,0
2003,82,0,0,0,0
2004,82,0,0,0,0
2005,82,0,0,0,0
2006,82,0,0,0,0
2007,82,0,0,0,0
2008,82,0,0,0,0
2009,82,0,0,0,0
2010,82,0,0,0,0
2011,82,0,0,0,0
2012,82,0,0,0,0
2013,82,0,0,0,0
2014,82,0,0,0,0
2015,82,0,0,0,0
2016,82,0,0,0,0
2017,82,0,0,0,0
2018,82,0,0,0,0
2019,82,0,0,0,0
2020,82,0,0,0,0
2021,82,0,0,0,0
2022,82,0,0,0,0
2023,82,0,0,0,0
2024,82,0,0,0,0
2025,82,0,0,0,0
1986,83,100,0,0,0
1989,83,5,0,100,0
1990,83,18,0,5,0
1991,83,21,0,18,0
1992,83,41,0,21,0
1993,83,450,0,41,0
1994,83,1212,0,450,0
1995,83,1218,0,1212,0
1996,83,1256,0,1218,0
1997,83,1243,0,1256,0
1998,83,1097,0,1243,0
1999,83,1066,0,1097,0
2000,83,904,0,1066,0
2001,83,783,0,904,0
2002,83,675,0,783,0
2003,83,606,0,675,0
2004,83,485,0,606,0
2005,83,536,0,485,0
2006,83,1035,0,536,0
2007,83,1236,0,1035,0
2008,83,1116,0,1236,0
2009,83,1165,0,1116,0
2010,83,1300,0,1165,0
2011,83,1967,0,1300,0
2012,83,2612,0,1967,0
2013,83,3299,0,2612,0
2014,83,4157,0,3299,0
2015,83,6847,174000,4157,0
2016,83,10509,174000,6847,174000
2017,83,14424,174000,10509,174000
2018,83,18857,174001,14424,174000
2019,83,26351,247090,18857,174001
2020,83,34456,247090,26351,247090
2021,83,51687,247090,34456,247090
2022,83,64785,247090,51687,247090
2023,83,84363,247090,64785,247090
2024,83,100969,247090,84363,247090
2025,83,107560,247090,100969,247090
1992,84,168570,0,0,0
1993,84,151689,344000,168570,0
1994,84,76256,307000,151689,344000
1995,84,245572,198200,76256,307000
1996,84,310090,144147,245572,198200
1997,84,349307,79441,310090,144147
1998,84,338085,71704,349307,79441
1999,84,353721,52390,338085,71704
2000,84,335200,34134,353721,52390
2001,84,290283,23402,335200,34134
2002,84,274822,17100,290283,23402
2003,84,230193,12566,274822,17100
2004,84,215480,7540,230193,12566
2005,84,119154,4804,215480,7540
2006,84,93768,3975,119154,4804
2007,84,100429,2873,93768,3975
2008,84,97016,2497,100429,2873
2009,84,76479,2285,97016,2497
2010,84,65863,2125,76479,2285
2011,84,62653,0,65863,2125
2012,84,62606,0,62653,0
2013,84,49755,0,62606,0
2014,84,40121,0,49755,0
2015,84,33452,0,40121,0
2016,84,26231,0,33452,0
2017,84,24869,0,26231,0
2018,84,24105,0,24869,0
2019,84,23793,0,24105,0
2020,84,23451,0,23793,0
2021,84,18083,0,23451,0
2022,84,17698,0,18083,0
2023,84,17579,0,17698,0
2024,84,17891,0,17579,0
2025,84,17846,0,17891,0
1965,85,3270,0,0,0
1966,85,3270,0,3270,0
1967,85,3270,0,3270,0
1968,85,3270,0,3270,0
1969,85,3360,0,3270,0
1970,85,3490,0,3360,0
1971,85,220,0,3490,0
1972,85,210,0,220,0
1973,85,170,0,210,0
1974,85,150,0,170,0
1975,85,140,0,150,0
1976,85,50,0,140,0
1978,85,120,0,50,0
1980,85,763,0,120,0
1981,85,744,0,763,0
1982,85,728,0,744,0
1983,85,607,0,728,0
1984,85,430,0,607,0
1985,85,435,0,430,0
1986,85,381,0,435,0
1987,85,329,0,381,0
1988,85,3887,0,329,0
1989,85,4359,0,3887,0
1990,85,5767,0,4359,0
1991,85,4734,0,5767,0
1992,85,3994,0,4734,0
1993,85,5014,0,3994,0
1994,85,4468,0,5014,0
1995,85,2349,0,4468,0
1996,85,3082,0,2349,0
1997,85,2670,0,3082,0
1998,85,1243,0,2670,0
1999,85,797,0,1243,0
2000,85,512,0,797,0
2001,85,949,0,512,0
2002,85,3515,0,949,0
2003,85,3394,0,3515,0
2004,85,2747,0,3394,0
2005,85,3516,0,2747,0
2006,85,3117,0,3516,0
2007,85,3384,0,3117,0
2008,85,1612,0,3384,0
2009,85,1535,0,1612,0
2010,85,1435,0,1535,0
2011,85,1234,0,1435,0
2012,85,1085,0,1234,0
2013,85,1218,0,1085,0
2014,85,1264,0,1218,0
2015,85,1447,0,1264,0
2016,85,2909,0,1447,0
2017,85,3336,0,2909,0
2018,85,3927,0,3336,0
2019,85,4007,0,3927,0
2020,85,4617,0,4007,0
2021,85,4653,0,4617,0
2022,85,1953,0,4653,0
2023,85,2147,0,1953,0
2024,85,1984,0,2147,0
2025,85,2463,0,1984,0
1996,86,5,0,0,0
1997,86,5,0,5,0
1998,86,5,0,5,0
1999,86,5,0,5,0
2000,86,5,0,5,0
2002,86,13,0,5,0
2003,86,11,0,13,0
2004,86,8,0,11,0
2005,86,10,0,8,0
2006,86,32,0,10,0
2007,86,10,0,32,0
2008,86,10,0,10,0
2009,86,5,0,10,0
2010,86,5,0,5,0
2013,86,0,0,5,0
2014,86,0,0,0,0
2015,86,0,0,0,0
2016,86,0,0,0,0
2017,86,5,0,0,0
2018,86,5,0,5,0
2019,86,5,0,5,0
2020,86,5,0,5,0
2021,86,5,0,5,0
2022,86,0,0,5,0
2023,86,0,0,0,0
2024,86,0,0,0,0
2025,86,17,0,0,0
1991,87,15,0,0,0
1992,87,37,0,15,0
1993,87,41,0,37,0
1994,87,102,0,41,0
1995,87,203,0,102,0
1996,87,272,0,203,0
1997,87,355,0,272,0
1998,87,531,0,355,0
1999,87,561,0,531,0
2000,87,771,0,561,0
2001,87,856,0,771,0
2002,87,23731,100000,856,0
2003,87,33620,38039,23731,100000
2004,87,23649,38039,33620,38039
2005,87,18333,38039,23649,38039
2006,87,26304,709228,18333,38039
2007,87,22217,709048,26304,709228
2008,87,22218,683956,22217,709048
2009,87,23148,519140,22218,683956
2010,87,41747,514515,23148,519140
2011,87,154818,126668,41747,514515
2012,87,100704,45000,154818,126668
2013,87,85645,24000,100704,45000
2014,87,71951,24000,85645,24000
2015,87,71107,308272,71951,24000
2016,87,46811,0,71107,308272
2017,87,40009,0,46811,0
2018,87,38316,0,40009,0
2019,87,39351,0,38316,0
2020,87,37525,5394,39351,0
2021,87,39940,0,37525,5394
2022,87,25148,0,39940,0
2023,87,25994,0,25148,0
2024,87,29442,0,25994,0
2025,87,30966,0,29442,0
1971,88,0,0,0,0
1972,88,0,0,0,0
1988,88,10,0,0,0
1989,88,13,0,10,0
1990,88,197,0,13,0
1991,88,406,0,197,0
1992,88,1021,0,406,0
1993,88,1491,0,1021,0
1994,88,3266,0,1491,0
1995,88,5011,0,3266,0
1996,88,7546,0,5011,0
1997,88,8918,0,7546,0
1998,88,9663,0,8918,0
1999,88,9846,0,9663,0
2000,88,11397,0,9846,0
2001,88,11560,0,11397,0
2002,88,14349,0,11560,0
2003,88,13703,0,14349,0
2004,88,13335,0,13703,0
2005,88,16275,0,13335,0
2006,88,17797,0,16275,0
2007,88,20455,0,17797,0
2008,88,19551,0,20455,0
2009,88,19496,0,19551,0
2010,88,17766,0,19496,0
2011,88,16226,0,17766,0
2012,88,14245,0,16226,0
2013,88,11032,0,14245,0
2014,88,10426,0,11032,0
2015,88,9882,0,10426,0
2016,88,7288,0,9882,0
2017,88,7926,0,7288,0
2018,88,9586,0,7926,0
2019,88,11787,0,9586,0
2020,88,12398,0,11787,0
2021,88,14230,0,12398,0
2022,88,20828,0,14230,0
2023,88,25314,0,20828,0
2024,88,39298,0,25314,0
2025,88,28903,0,39298,0
1978,89,1000,0,0,0
1979,89,1000,0,1000,0
1980,89,1000,0,1000,0
1981,89,150,0,1000,0
1982,89,2200,0,150,0
1983,89,1230,0,2200,0
1984,89,11020,0,1230,0
1985,89,11800,0,11020,0
1986,89,11340,0,11800,0
1987,89,9680,0,11340,0
1988,89,9301,0,9680,0
1989,89,7775,0,9301,0
1990,89,7168,0,7775,0
1991,89,6164,0,7168,0
1992,89,6829,0,6164,0
1993,89,7925,0,6829,0
1994,89,8727,0,7925,0
1995,89,9836,0,8727,0
1996,89,11365,0,9836,0
1997,89,8800,0,11365,0
1998,89,9054,0,8800,0
1999,89,9023,5,9054,0
2000,89,9152,0,9023,5
2001,89,8972,0,9152,0
2002,89,9907,0,8972,0
2003,89,16240,0,9907,0
2004,89,27919,0,16240,0
2005,89,34383,0,27919,0
2006,89,34722,0,34383,0
2007,89,20549,0,34722,0
2008,89,19339,0,20549,0
2009,89,18207,0,19339,0
2010,89,16882,0,18207,0
2011,89,16069,0,16882,0
2012,89,15514,0,16069,0
2013,89,14775,0,15514,0
2014,89,14393,0,14775,0
2015,89,13947,0,14393,0
2016,89,13051,0,13947,0
2017,89,12480,0,13051,0
2018,89,12142,0,12480,0
2019,89,12034,0,12142,0
2020,89,13015,0,12034,0
2021,89,13950,0,13015,0
2022,89,11748,0,13950,0
2023,89,11743,5,11748,0
2024,89,9155,0,11743,5
2025,89,9145,0,9155,0
1980,9,38,0,0,0
1981,9,38,0,38,0
1982,9,1019,0,38,0
1983,9,42,0,1019,0
1984,9,42,0,42,0
1985,9,51,0,42,0
1986,9,52,0,51,0
1987,9,47,0,52,0
1988,9,46,0,47,0
1989,9,103,0,46,0
1990,9,332,0,103,0
1991,9,196,0,332,0
1992,9,111,0,196,0
1993,9,97,0,111,0
1994,9,467,0,97,0
1995,9,330,0,467,0
1996,9,218,0,330,0
1997,9,157,0,218,0
1998,9,140,0,157,0
1999,9,585,0,140,0
2000,9,608,0,585,0
2001,9,660,0,608,0
2002,9,764,0,660,0
2003,9,777,0,764,0
2004,9,789,0,777,0
2005,9,850,0,789,0
2006,9,888,0,850,0
2007,9,1164,0,888,0
2008,9,1039,0,1164,0
2009,9,604,0,1039,0
2010,9,553,0,604,0
2011,9,506,0,553,0
2012,9,435,0,506,0
2013,9,381,0,435,0
2014,9,311,0,381,0
2015,9,186,0,311,0
2016,9,120,0,186,0
2017,9,121,0,120,0
2018,9,112,0,121,0
2019,9,99,0,112,0
2020,9,99,0,99,0
2021,9,124,0,99,0
2022,9,194,0,124,0
2023,9,300,0,194,0
2024,9,464,0,300,0
2025,9,427,0,464,0
1994,90,5,0,0,0
2000,90,5,0,5,0
2001,90,5,0,5,0
2002,90,5,0,5,0
2003,90,6,0,5,0
2004,90,5,0,6,0
2005,90,23,0,5,0
2006,90,5,0,23,0
2007,90,9,0,5,0
2008,90,7,0,9,0
2009,90,7,0,7,0
2010,90,7,0,7,0
2011,90,7,0,7,0
2012,90,7,0,7,0
2013,90,7,0,7,0
2014,90,7,0,7,0
2015,90,5,0,7,0
2016,90,0,0,5,0
2017,90,0,0,0,0
2018,90,0,0,0,0
2019,90,0,0,0,0
2020,90,0,0,0,0
2021,90,5,0,0,0
2022,90,13,0,5,0
2023,90,0,0,13,0
2024,90,68,0,0,0
2025,90,18,0,68,0
1980,91,48,0,0,0
1981,91,803,0,48,0
1982,91,2480,0,803,0
1983,91,5577,0,2480,0
1984,91,5244,0,5577,0
1985,91,88245,0,5244,0
1986,91,87921,0,88245,0
1987,91,10992,0,87921,0
1988,91,58259,0,10992,0
1989,91,52798,0,58259,0
1990,91,75889,0,52798,0
1991,91,130366,0,75889,0
1992,91,128781,0,130366,0
1993,91,115516,0,128781,0
1994,91,121288,0,115516,0
1995,91,112360,0,121288,0
1996,91,104122,0,112360,0
1997,91,93986,0,104122,0
1998,91,89967,0,93986,0
1999,91,86845,0,89967,0
2000,91,88266,0,86845,0
2001,91,92485,0,88266,0
2002,91,138362,0,92485,0
2003,91,122530,0,138362,0
2004,91,115166,0,122530,0
2005,91,99425,0,115166,0
2006,91,102474,0,99425,0
2007,91,68398,0,102474,0
2008,91,69051,0,68398,0
2009,91,72766,0,69051,0
2010,91,68780,0,72766,0
2011,91,72361,0,68780,0
2012,91,75932,0,72361,0
2013,91,75061,0,75932,0
2014,91,82202,0,75061,0
2015,91,84950,0,82202,0
2016,91,94102,0,84950,0
2017,91,118639,0,94102,0
2018,91,129941,0,118639,0
2019,91,128998,0,129941,0
2020,91,135018,0,128998,0
2021,91,142994,0,135018,0
2022,91,122764,0,142994,0
2023,91,151757,0,122764,0
2024,91,158171,0,151757,0
2025,91,159882,0,158171,0
1968,92,2700,0,0,0
1969,92,2700,0,2700,0
1978,92,560,0,2700,0
1979,92,31000,0,560,0
1980,92,31098,0,31000,0
1981,92,66589,0,31098,0
1982,92,103766,0,66589,0
1983,92,103721,0,103766,0
1984,92,101724,0,103721,0
1985,92,401503,0,101724,0
1986,92,400745,0,401503,0
1987,92,410818,0,400745,0
1988,92,508468,0,410818,0
1989,92,507986,0,508468,0
1990,92,1133805,0,507986,0
1991,92,1321853,0,1133805,0
1992,92,1343824,0,1321853,0
1993,92,771074,0,1343824,0
1994,92,749833,0,771074,0
1995,92,718717,0,749833,0
1996,92,714727,32000,718717,0
1997,92,707342,35055,714727,32000
1998,92,675030,0,707342,35055
1999,92,642875,0,675030,0
2000,92,526165,0,642875,0
2001,92,530503,0,526165,0
2002,92,422504,0,530503,0
2003,92,368577,0,422504,0
2004,92,311889,0,368577,0
2005,92,262302,1200000,311889,0
2006,92,1450908,1834368,262302,1200000
2007,92,2309246,2385865,1450908,1834368
2008,92,1903516,2647251,2309246,2385865
2009,92,1785215,1552003,1903516,2647251
2010,92,1683576,1343568,1785215,1552003
2011,92,1428306,1332382,1683576,1343568
2012,92,746204,1131810,1428306,1332382
2013,92,401461,954128,746204,1131810
2014,92,369960,3596356,401461,954128
2015,92,264086,4403287,369960,3596356
2016,92,316056,3604285,264086,4403287
2017,92,362536,2615988,316056,3604285
2018,92,372332,1802832,362536,2615988
2019,92,336274,1414632,372332,1802832
2020,92,333200,1224108,336274,1414632
2021,92,343899,1186556,333200,1224108
2022,92,287446,1168619,343899,1186556
2023,92,329032,1123663,287446,1168619
2024,92,305504,1031475,329032,1123663
2025,92,292822,1031475,305504,1031475
1988,93,5,0,0,0
1989,93,5,0,5,0
1990,93,14,0,5,0
1991,93,28,0,14,0
1992,93,37,0,28,0
1993,93,114,0,37,0
1994,93,888,0,114,0
1995,93,937,0,888,0
1996,93,1121,0,937,0
1997,93,988,0,1121,0
1998,93,832,0,988,0
1999,93,473,0,832,0
2000,93,414,0,473,0
2001,93,361,0,414,0
2002,93,561,0,361,0
2003,93,626,0,561,0
2004,93,669,0,626,0
2005,93,624,0,669,0
2006,93,876,0,624,0
2007,93,1539,0,876,0
2008,93,1486,0,1539,0
2009,93,1298,0,1486,0
2010,93,1290,0,1298,0
2011,93,1323,0,1290,0
2012,93,1326,0,1323,0
2013,93,1026,0,1326,0
2014,93,967,0,1026,0
2015,93,787,0,967,0
2016,93,487,0,787,0
2017,93,469,0,487,0
2018,93,492,0,469,0
2019,93,452,0,492,0
2020,93,373,0,452,0
2021,93,453,0,373,0
2022,93,902,0,453,0
2023,93,855,0,902,0
2024,93,1307,0,855,0
2025,93,1271,0,1307,0
1994,94,145,0,0,0
1995,94,120,0,145,0
1996,94,109,0,120,0
1997,94,112,0,109,0
1998,94,76,0,112,0
1999,94,49,0,76,0
2000,94,46,0,49,0
2001,94,36,0,46,0
2002,94,223,0,36,0
2003,94,208,0,223,0
2004,94,192,0,208,0
2005,94,219,0,192,0
2006,94,106,0,219,0
2007,94,84,0,106,0
2008,94,57,0,84,0
2009,94,42,0,57,0
2010,94,45,0,42,0
2011,94,57,0,45,0
2012,94,65,0,57,0
2013,94,64,0,65,0
2014,94,63,0,64,0
2015,94,69,0,63,0
2016,94,49,0,69,0
2017,94,52,0,49,0
2018,94,69,0,52,0
2019,94,76,0,69,0
2020,94,62,0,76,0
2021,94,61,0,62,0
2022,94,151,0,61,0
2023,94,124,0,151,0
2024,94,263,0,124,0
2025,94,209,0,263,0
1993,95,5,0,0,0
1994,95,10,0,5,0
1995,95,11,0,10,0
1996,95,18,0,11,0
1997,95,21,0,18,0
1998,95,26,0,21,0
1999,95,33,0,26,0
2000,95,37,0,33,0
2001,95,37,0,37,0
2002,95,147,0,37,0
2003,95,260,0,147,0
2004,95,350,0,260,0
2005,95,489,0,350,0
2006,95,661,0,489,0
2007,95,766,0,661,0
2008,95,825,0,766,0
2009,95,908,0,825,0
2010,95,1055,0,908,0
2011,95,1248,0,1055,0
2012,95,1404,0,1248,0
2013,95,1501,0,1404,0
2014,95,1682,0,1501,0
2015,95,1857,0,1682,0
2016,95,1998,0,1857,0
2017,95,2224,0,1998,0
2018,95,2448,0,2224,0
2019,95,2529,0,2448,0
2020,95,2526,0,2529,0
2021,95,2419,0,2526,0
2022,95,1858,0,2419,0
2023,95,2128,0,1858,0
2024,95,2552,0,2128,0
2025,95,2319,0,2552,0
1984,96,5,0,0,0
1985,96,105,0,5,0
1986,96,5,0,105,0
1987,96,5,0,5,0
1988,96,7,0,5,0
1989,96,14,0,7,0
1990,96,56,0,14,0
1991,96,114,0,56,0
1992,96,183,0,114,0
1993,96,239,0,183,0
1994,96,440,0,239,0
1995,96,511,0,440,0
1996,96,707,0,511,0
1997,96,720,0,707,0
1998,96,897,0,720,0
1999,96,970,0,897,0
2000,96,915,0,970,0
2001,96,773,0,915,0
2002,96,1280,0,773,0
2003,96,1149,0,1280,0
2004,96,1158,0,1149,0
2005,96,1778,0,1158,0
2006,96,1592,0,1778,0
2007,96,1777,0,1592,0
2008,96,1882,0,1777,0
2009,96,2109,0,1882,0
2010,96,2248,0,2109,0
2011,96,2242,0,2248,0
2012,96,2363,0,2242,0
2013,96,1622,0,2363,0
2014,96,1711,0,1622,0
2015,96,1836,0,1711,0
2016,96,1919,0,1836,0
2017,96,2119,0,1919,0
2018,96,2430,0,2119,0
2019,96,2308,0,2430,0
2020,96,2486,0,2308,0
2021,96,2981,0,2486,0
2022,96,3550,0,2981,0
2023,96,3978,0,3550,0
2024,96,4990,0,3978,0
2025,96,5066,0,4990,0
1994,97,7,0,0,0
1995,97,5,0,7,0
2000,97,5,0,5,0
2001,97,5,0,5,0
2002,97,14,0,5,0
2003,97,17,0,14,0
2004,97,19,0,17,0
2005,97,10,0,19,0
2006,97,166,0,10,0
2007,97,519,0,166,0
2008,97,183,0,519,0
2009,97,148,0,183,0
2010,97,149,0,148,0
2011,97,176,0,149,0
2012,97,173,0,176,0
2013,97,154,0,173,0
2014,97,257,0,154,0
2015,97,140,0,257,0
2016,97,53,0,140,0
2017,97,44,0,53,0
2018,97,42,0,44,0
2019,97,39,0,42,0
2020,97,40,0,39,0
2021,97,39,0,40,0
2022,97,64,0,39,0
2023,97,48,0,64,0
2024,97,55,0,48,0
2025,97,46,0,55,0
1994,98,24,0,0,0
1995,98,137,0,24,0
1996,98,40163,0,137,0
1997,98,40772,0,40163,0
1998,98,20458,0,40772,0
1999,98,9059,0,20458,0
2000,98,2537,0,9059,0
2001,98,2803,0,2537,0
2002,98,6317,0,2803,0
2003,98,6563,0,6317,0
2004,98,6124,0,6563,0
2005,98,4321,0,6124,0
2006,98,7374,0,4321,0
2007,98,5232,0,7374,0
2008,98,4825,0,5232,0
2009,98,3741,0,4825,0
2010,98,3631,0,3741,0
2011,98,3497,0,3631,0
2012,98,3567,0,3497,0
2013,98,2114,0,3567,0
2014,98,2219,0,2114,0
2015,98,2263,0,2219,0
2016,98,2366,0,2263,0
2017,98,2406,0,2366,0
2018,98,2520,0,2406,0
2019,98,2757,0,2520,0
2020,98,2741,0,2757,0
2021,98,3198,0,2741,0
2022,98,3666,0,3198,0
2023,98,3795,0,3666,0
2024,98,4119,0,3795,0
2025,98,4142,0,4119,0
1975,99,90,0,0,0
1977,99,1200,0,90,0
1978,99,80,0,1200,0
1979,99,80,0,80,0
1990,99,7,0,80,0
1991,99,31,0,7,0
1992,99,61,0,31,0
1993,99,83,0,61,0
1994,99,8772,0,83,0
1995,99,9320,0,8772,0
1996,99,9390,0,9320,0
1997,99,9563,0,9390,0
1998,99,6037,0,9563,0
1999,99,6131,0,6037,0
2000,99,2367,0,6131,0
2001,99,2551,0,2367,0
2002,99,3089,0,2551,0
2003,99,3159,0,3089,0
2004,99,3842,0,3159,0
2005,99,4638,0,3842,0
2006,99,5356,0,4638,0
2007,99,7544,0,5356,0
2008,99,9682,404000,7544,0
2009,99,9609,399000,9682,404000
2010,99,8585,300000,9609,399000
2011,99,8731,300000,8585,300000
2012,99,8946,412000,8731,300000
2013,99,8580,0,8946,412000
2014,99,8546,0,8580,0
2015,99,7902,0,8546,0
2016,99,7526,0,7902,0
2017,99,7567,0,7526,0
2018,99,7480,0,7567,0
2019,99,7705,0,7480,0
2020,99,7422,0,7705,0
2021,99,7529,0,7422,0
2022,99,7595,0,7529,0
2023,99,8004,0,7595,0
2024,99,11696,0,8004,0
2025,99,12138,0,11696,0
